distance_m,distance_earth_radii,earth_solid_angle_sr,earth_hemisphere_fraction,earth_ir_irradiance_w_m2,temperature_equal_area_kirchhoff_k,temperature_sphere_like_k,temperature_mismatch_stress_k
6434710.0,1.01,5.401209803002057,0.8596292388241797,205.451388078979,245.34337531710747,173.4839644059229,436.2890727158639
6509245.922082337,1.021699250052164,4.995121340863407,0.7949982527422275,190.0045824053924,240.5958237571671,170.1269385038563,427.84659952872374
6584645.224749147,1.0335340173833223,4.695649219559694,0.747335784318526,178.61325245212774,236.90568662687605,167.51761751551925,421.28450464970706
6660917.908896793,1.0455058717464751,4.449657602259592,0.7081850024660448,169.2562155893847,233.74009832879705,165.2792085635028,415.65520415857304
6738074.091266214,1.0576164010777294,4.237650087942305,0.674442958589823,161.1918671029677,230.90473952738643,163.27430712792838,410.61314398195185
6816124.005784755,1.0698672117069148,4.0498293942481505,0.6445503667734493,154.04753765885442,228.30254670237426,161.4342789354073,405.9857180602817
6895078.004923608,1.0822599285706496,3.880427901577639,0.6175892818477919,147.60383836162228,225.87672312984742,159.7189626373114,401.6719259488702
6974946.561070907,1.0947961954278618,3.7257012747356573,0.5929637743579554,141.71834207155138,223.59062070669947,158.1024441114165,397.6065970805461
7055740.267920852,1.1074776750778295,3.583050103595732,0.5702601353331884,136.29217234463204,221.418953738584,156.5668436717832,393.7447664256847
7137469.84187881,1.1203060495807267,3.4505791383094855,0.5491767263917274,131.25323760762288,219.34340048847653,155.09920589391842,390.0538528165792
7220146.123482686,1.133283020480723,3.326853759565766,0.5294852207787476,126.54696776612069,217.35017874345087,153.68978528160233,386.50934762775825
7303780.078840883,1.146410309031688,3.210755378007012,0.511007589468703,122.13081388302002,215.4286096928684,152.33103077541725,383.0922609501394
7388382.801086793,1.1596896564254893,3.101390621300615,0.4936016478388373,117.97079383348213,213.57021816745402,151.01694952569713,379.78752156470415
7473965.51185019,1.1731228240229463,2.9980316748639977,0.4771515606006792,114.03922298356234,211.76814296907315,149.74268993271392,376.58292834408167
7560539.562745615,1.1867115935874455,2.9000756121142084,0.46156136900823036,110.31316719296707,210.01673586838152,148.5042580951966,373.4684371583258
7648116.436878123,1.2004577675212875,2.807015798201914,0.44675043962087685,106.77335506938958,208.31128033673542,147.29831892375753,370.4356607016625
7736707.750366353,1.2143631691047485,2.718421247026763,0.4326501788703436,103.40339275001215,206.64778900647661,146.12205292368648,367.477508320285
7826325.25388323,1.2284296427379109,2.633921378251115,0.4192016070640827,100.18918408831578,205.02285448611462,144.97305070535444,364.58792072006383
7916980.834214656,1.242659054185317,2.5531945377442566,0.4063535313572252,97.11849399437683,203.43353729111016,143.8492337393104,361.7616706761666
8008686.515836102,1.2570532908234346,2.4759592013553675,0.39406114578956813,94.1806138437068,201.87728018866912,142.7487937889046,358.99421071416884
8101454.462507558,1.2716142618909996,2.401967130696811,0.3822849419946541,91.36610113672235,200.35184172153708,141.67014590451274,356.28155489678664
8195296.978886854,1.2863438987422466,2.330997974464136,0.37098984997316287,88.66657414358593,198.85524390773276,140.61189144166272,353.62018581938906
8290226.512161839,1.3012441551030982,2.2628549574153953,0.3601445519726605,86.07454792146586,197.38573058635507,139.5727886070726,351.00698053720527
8386255.653701316,1.3163170073302959,2.1973613995401613,0.3497209284961419,83.58330191057792,195.94173387380374,138.55172873961646,348.4391509151113
8483397.140725097,1.331564454673536,2.134357877157096,0.3396936064766761,81.1867719479256,194.52184687915906,137.54771701718462,345.91419510795265
8581663.857993562,1.3469885195406626,2.0736998862476503,0.3300395873854146,78.8794613851141,193.12480130716023,136.5598566195976,343.42985773238104
8681068.83951661,1.3625912477659097,2.0152559029775605,0.3207379385539998,76.65636731440595,191.7494489189567,135.5873356193778,340.98409689889087
8781625.270282514,1.378374708881261,1.958905761438277,0.3117695349840949,74.51291886119868,190.39474606788067,134.62941604688916,338.57505671210134
8883346.488006704,1.3943409963909439,1.9045392870469944,0.3031168418462433,72.44492520125216,189.05974070859384,133.68542470441707,336.20104416939
8986245.984900957,1.410492228049122,1.852055137721178,0.29476373004706646,70.44853148124889,187.74356141235373,132.75474539878834,333.86050962696663
9090337.40946296,1.426830546140788,1.801359815225277,0.28669531888020605,68.52018121236925,186.44540802205063,131.83681233348472,331.55203018191844
9195634.568286564,1.4433581177659025,1.7523668168984814,0.2788978410196036,66.65658400368527,185.16454365722166,130.93110445533395,329.2742954548905
9302151.427893197,1.4600771351268556,1.704995903966071,0.27135852606763466,64.8546877301647,183.90028783791416,130.03714059234707,327.0260953623941
9409902.116584297,1.4769898158192274,1.659172467278705,0.26406549960938186,63.11165440664227,182.65201054165243,129.1544752513592,324.8063095484328
9518900.926315306,1.494098403125931,1.6148269749490674,0.2570076953012763,61.42483917700505,181.41912704314774,128.28269496915354,322.61389820806517
9629162.314591276,1.5114051663147505,1.5718944892099727,0.2501747779766771,59.79177193642583,180.20109341422847,127.42141513043146,320.447894085023
9740700.906384613,1.5289124009393522,1.5303142420823395,0.24355707611133168,58.210141190608276,178.9974025835115,126.57027718157943,318.30739546470636
9853531.496074857,1.546622429143754,1.4900292612508914,0.23714552227964447,56.677779824835035,177.80758087293796,125.7289461816299,316.19156001517615
9967669.049410941,1.564537599970325,1.4509860390002363,0.23093160046421723,55.19265251094792,176.6311849424188,124.89710864179953,314.09959935388036
10083128.705496354,1.5826602896713788,1.4131342382416465,0.22490729926855813,53.752844525185395,175.46779908525963,124.07447061306576,312.0307742381637
10199925.778797092,1.6009929020243434,1.3764264306197145,0.2190650702354613,52.356551786275254,174.31703282632446,123.26075598781203,309.9843902941318
10318075.761173008,1.6195378686506054,1.3408178624726994,0.21339779059843922,51.00207195302698,173.17851878248257,122.45570498693532,307.9597942119276
10437594.32393254,1.6382976493380221,1.3062662450665783,0.20789872989643507,49.68779644524799,172.05191075112927,121.65907280822617,305.95637034658756
10558497.319911476,1.657274732367207,1.2727315660569634,0.20256151996705485,48.41220327212611,170.93688199772052,120.87062841547286,303.9735376727994
10680800.785575597,1.6764716348415627,1.240175919577404,0.19738012790428072,47.1738505691231,169.83312371754604,120.09015345077069,302.01074704950514
10804520.943147665,1.695890903021137,1.208563352723237,0.192348831625617,45.97137075852247,168.74034365052907,119.3174412550375,300.06747875662796
10929674.202759268,1.715535112660378,1.1778597265110877,0.18746219774310757,44.803465260602714,167.65826483082665,118.55229598384757,298.1432402715119
11056277.164627345,1.7354068693497637,1.1480325896561416,0.18271506147436445,43.66889969237311,166.58662445552315,117.79453180747718,296.23756425714333
11184346.621256078,1.7555088088614155,1.119051063730419,0.17810250836493977,42.56649949922061,165.52517285882377,117.04397218554975,294.3500067379798
11313899.55966414,1.7758435974986877,1.0908857384532558,0.17361985762328816,41.495145971965876,164.47367257995535,116.30044920794235,292.48014544241795
11444953.16363797,1.796413932449846,1.0635085760250005,0.1692626468950016,40.453772607905385,163.43189751450728,115.56380299469296,290.6275782936397
11577524.816010961,1.8172225421458108,1.0368928235517838,0.16502661832477883,39.44136177962214,162.39963214025397,114.83388114857438,288.79192203290893
11711632.100969017,1.83827218662204,1.0110129327262425,0.16090770577321534,38.45694167979847,161.37667080961234,114.11053825478606,286.9728109613629
11847292.806383055,1.859565657884642,0.9858444860298916,0.15690202307154621,37.49958351409955,160.3628171018467,113.39363542289385,285.16989578805163
11984524.926168272,1.8811057802806894,0.9613641288099141,0.15300585321133142,36.56839891750821,159.35788322896516,112.68303986673526,283.3828425734557
12123346.662670895,1.902895410872845,0.9375495066581871,0.14921563837801832,35.66253757234638,158.361689489958,111.9786245185077,281.6113317589696
12263776.429082425,1.9249374398183057,0.9143792075857988,0.14552797074773016,34.78118500870751,157.374063768653,111.28026767369869,279.85505727394803
12405832.851882089,1.947234790752172,0.8918327085429556,0.141939583975645,33.923560570179156,156.3948410709946,110.58785266389266,278.1137257128594
12549534.773307372,1.969790421175227,0.8698903258838906,0.1384473453122409,33.08891552962558,155.42386309802822,109.90126755482537,276.3870555759319
12694901.253853153,1.992607322846202,0.8485331694195597,0.13504824829055562,32.2765313414428,154.46097785127404,109.220404867341,274.67477656739874
12841951.574800033,2.015688522178627,0.8277430997389269,0.13173940593365796,31.485718018144258,153.50603926753374,108.54516131916156,272.97662894608163
12990705.240771674,2.039037080642234,0.8075026885130963,0.12851804443685433,30.715812620408187,152.55890688049124,107.8754375856024,271.29236292362293
13141181.982321933,2.0626560951690367,0.7877951815258016,0.12538149728380832,29.966177850830192,151.6194455067386,107.21113807755908,269.6217381061517
13293401.7585518,2.0865486985640875,0.7686044641998149,0.12232719975989825,29.236200742615686,150.68752495410715,106.55217073526626,267.9645229756151
13447384.759756912,2.1107180599210347,0.7499150294116715,0.1193526838297716,28.525291435315417,149.7630197503928,105.8984468364776,266.3204944073761
13603151.410105499,2.135167385042458,0.7317119474075543,0.11645557334930923,27.83288203048491,148.84580889076162,105.24988081785445,264.68943722102983
13760722.370347342,2.1598999168650668,0.7139808376511482,0.11363357958507225,27.15842552083227,147.93577560228465,104.6063901084669,263.07114376168124
13920118.54055436,2.1849189358898697,0.6967078424503242,0.11088449701685854,26.501394787029195,147.0328071242016,103.96789497441668,261.465413509192
14081361.062892675,2.2102277606172778,0.6798796022239331,0.1082061994012905,25.861281656908435,146.1367945026499,103.33431837368873,259.87205271315156
14244471.324426938,2.2358297479872764,0.6634832322826625,0.10559663607637393,25.23759602225337,145.24763239871027,102.7055858204189,258.2908740515288
14409470.959956978,2.2617282938246706,0.6475063010094092,0.10305382848879617,24.62986500882229,144.36521890872845,102.08162525784228,256.72169631115355
14576381.854887592,2.2879268332895295,0.6319368093348208,0.10057586692735732,24.037632195638402,143.48945539596582,101.46236693925208,255.16434408834445
14745226.148131328,2.314428841332809,0.6167631714129198,0.09816090744740015,23.46045687992864,142.62024633271938,100.84774331636171,253.61864750815406
14916026.235044876,2.3412378331572556,0.6019741964099466,0.0958071689724145,22.897913384407065,141.75749915212668,100.23768893451503,252.08444196083693
15088804.770399744,2.368357364683683,0.5875590713269634,0.09351293056016974,22.34959040388057,140.90112410893698,99.6321403342367,250.5615678542615
15263584.67138705,2.3957910330226104,0.5735073447835857,0.09127652882181558,21.81509038841393,140.05103414859852,99.03103595866274,249.0498703811108
15440389.120657302,2.4235424769513894,0.5598089116961381,0.08909635548333472,21.294028960517,139.20714478405952,98.43431606642602,247.54919929980028
15619241.569395194,2.4516153773968283,0.5464539987891259,0.08697085507962199,20.786034364029657,138.369373979739,97.84192264961088,246.05940872814537
15800165.740430338,2.480013457923456,0.5334331508837625,0.08489852277223564,20.290746942564322,137.53764204215992,97.25379935641928,244.5803569488767
15983185.631383752,2.508740485227398,0.5207372179119065,0.08287790228260139,19.807818645541733,136.71187151678748,96.66989141822444,243.11190622618983
16168325.517850783,2.537800269635973,0.5083573426077815,0.08090758393308861,19.33691256000818,135.89198709064715,96.09014558071136,241.65392263257291
16355609.956621187,2.5671966656131198,0.4962849488335423,0.07898620278896662,18.877702466563026,135.07791550033028,95.51451003882701,240.2062758852148
16545063.788936198,2.596933572270632,0.48451173049822716,0.07711243689480107,18.42987241785746,134.26958544503134,94.94293437528822,238.76883919136105
16736712.143783515,2.6270149338853424,0.4730296410326099,0.07528500559932472,17.99311633823861,133.4669275042822,94.37536950241127,237.34148910202262
16930580.441230245,2.6574447404222643,0.46183088338537137,0.07350266796327853,17.56713764322357,132.66987406008107,93.81176760704857,235.92410537349917
17126694.395794816,2.6882270280638543,0.4509079005084725,0.07176422124511195,17.151648877581756,131.87835922312883,93.25208209842987,234.51657083620665
17325080.01985761,2.719365879745348,0.44025336630209017,0.07006849945982452,16.74637137089806,131.0923187629164,92.69626755872667,233.1187712703534
17525763.627111126,2.7508654256962997,0.4298601769915214,0.06841437200655764,16.35103490956728,130.3116900414191,92.14427969616695,231.73059528802975
17728771.836050414,2.7827298439884496,0.41972144291045066,0.06680074236086098,15.965377424245775,129.5364119501719,91.59607530054069,230.35193422131056
17934131.573503584,2.814963361089873,0.40983048066685934,0.06522654682785811,15.58914469185809,128.7664248505223,91.05161220095229,228.9826820160081
18141870.078203436,2.8475702524255904,0.40018080566940767,0.0636907533527834,15.222090051315234,128.00167051686407,90.51084922568076,227.62273513072563
18352014.904400226,2.880554842944628,0.39076612499373303,0.06219236038561804,14.863974132162713,127.24209208267494,89.97374616402256,226.2719924408975
18564593.925516665,2.913921507693716,0.3815803305694528,0.06073039579676787,14.514564595427524,126.48763398918992,89.44026372999822,224.93035514751585
18779635.337844912,2.947674672397569,0.3726174926700157,0.05930391584094108,14.17363588598492,125.73824193655753,88.91036352781457,223.59772669027288
18997167.664286386,2.9818188140458934,0.36387185368867964,0.05791200416656427,13.840968995808863,124.99386283733294,88.38400801897932,222.27401266485845
19217219.75813525,3.016358461487247,0.35533782218502824,0.05655377086825619,13.516351237513232,124.25444477217368,87.86116049097338,220.95912074417495
19439820.806905385,3.0512981960297263,0.3470099671874532,0.05522835158003958,13.199576027629462,123.5199369476132,87.34178502739208,219.65296060324656
19665000.336201653,3.0866426520486034,0.33888301273797194,0.05393490660712197,12.890442679102152,122.79028965579533,86.82584647947327,218.3554438476162
19892788.213636402,3.1223965176010675,0.3309518326665934,0.05267262009421014,12.588756202516226,122.06545423605878,86.31331043893336,217.06648394503173
20123214.652790915,3.1585645350480167,0.3232114455832983,0.051440699228459064,12.294327115601718,121.34538303827148,85.80414321204083,215.7859961602445
20356310.217222992,3.1951515016830943,0.31565701007640556,0.05023837347526816,12.006971260589092,120.6300293878179,85.29831179485855,214.51389749274674
20592105.82452071,3.2321622703689705,0.3082838201068165,0.04906489384525248,11.726509629015343,119.91934755215087,84.79578384959228,213.25010661729138
20830632.750403557,3.2696017501810637,0.30108730058823624,0.04791953219081312,11.452768193604339,119.21329270882164,84.29652768198459,211.9945438270408
21071922.632870678,3.307474907058653,0.29406300314413336,0.046801580530836384,11.185577746869898,118.51182091491359,83.8005122197011,210.74713097921102
21316007.476397205,3.3457867644635386,0.2872066020326889,0.04571035040212923,10.924773746108887,117.81488907780302,83.30770699165542,209.50779144307668
21562919.656179532,3.384542404046387,0.28051389023152407,0.04464517223628439,10.670196164471971,117.12245492717778,82.81808210822318,208.27645005021202
21812691.922429383,3.423746966320732,0.2739807756745086,0.04360539476074976,10.421689347819195,116.4344769882509,82.33160824230124,207.05303304685737
22065357.404717844,3.4634056513448193,0.26760327763334935,0.042590384422940386,10.179101877082754,115.75091455610601,81.84825661116722,205.83746804829795
22320949.616369475,3.503523719411313,0.2613775232371289,0.0415995248363058,9.942286435877088,115.07172767111958,81.36799895910033,204.6296839951581
22579502.458907735,3.5441064917450533,0.25529974412329176,0.04063221624731794,9.711099683108989,114.39687709540252,80.89080754072316,203.42961111150754
22841050.226551536,3.5851593512088424,0.24936627321401553,0.039687875022414665,9.485402130357105,113.72632429021411,80.41665510503077,202.23718086469717
23105627.61076386,3.6266877430174005,0.24357354161218703,0.038765933153979026,9.265058023800988,113.06003139429878,79.94551488007261,201.0523259268357
23373269.704853456,3.6686971754596542,0.2379180756115311,0.03786583778448649,9.049935230492272,112.39796120309894,79.47736055825374,199.87498013782454
23644012.008629426,3.7111932206293243,0.2323964938157757,0.03698705074800579,8.839905128773385,111.7400771488052,79.01216628222814,198.70507846988102
23917890.433109976,3.7541815151640208,0.2270055043619602,0.03612904812827478,8.634842502657673,111.08634328119994,78.54990663135315,197.5425569934735
24194941.305285417,3.7976677609928453,0.22174190224330687,0.035291319832622126,8.434625439996688,110.43672424925983,78.09055660868046,196.38735284460495
24475201.37293685,3.8416577260927403,0.21660256672727235,0.034473369181037494,8.239135234267962,109.79118528347799,77.63409162845596,195.23940419337728
24758707.8095102,3.886157245253524,0.21158445886467384,0.03367471250973664,8.048256289827057,109.14969217887547,77.18048750410712,194.0986502137807
25045498.21904674,3.931172220851788,0.2066846190859625,0.03289487878859643,7.861876030474547,108.51221127866802,76.72972043669353,192.9650310546487
25335610.641171135,3.9767086236338307,0.20190016488093554,0.03213340925186958,7.679884811196831,107.87870945855822,76.28176700379987,191.8384878117253
25629083.556136787,4.0227724935075795,0.1972282885583689,0.03138985704161912,7.50217583294697,107.24915411162495,75.8366041488511,190.7189625007939
25925955.889929935,4.069369940343735,0.19266625508222732,0.03066378686334048,7.328645060338376,106.62351313378261,75.39420917083059,189.60639803182028
26226267.019432552,4.116507144786149,0.1882113999812849,0.02995477465326735,7.159191142130897,106.00175490978575,74.9545597143839,188.50073818406426
26530056.777645566,4.164190359071663,0.1838611273291219,0.02926240725687812,6.993715334393872,105.38384829975168,74.51763376028882,187.40192758211373
26837365.45897212,4.212425907859381,0.1796129077916594,0.028586282118151396,6.832121426238184,104.76976262618237,74.08340961627846,186.30991167280558
27148233.82456202,4.261220189069537,0.1754642767394862,0.0279260069791335,6.674315668012907,104.15946766146068,73.65186590819975,185.22463670299058
27462703.1077186,4.310579674732161,0.17141283242238467,0.027281199589405225,6.520206701867849,103.55293361580013,73.22298157149265,184.14604969810478
27780815.019367628,4.360510911845492,0.16745623420360847,0.026651487425058403,6.369705494588959,102.95013112563174,72.79673584297846,183.07409844151815
28102611.753589936,4.411020523244378,0.16359220085153012,0.02603650741680319,6.222725272615963,102.3510312424047,72.37310825294055,182.00873145461878
28428135.993217766,4.4621152084786955,0.15981850888645266,0.025435905686854943,6.079181459158332,101.75560542178775,71.95207861748874,180.9498979776101
28757430.915496536,4.513801744702015,0.1561329909804189,0.02484933729425598,5.93899161332718,101.16382551324978,71.53362703119159,179.89754795098236
29090540.197811645,4.566086987570499,0.15253353440801118,0.02427646598831268,5.802075371206731,100.5756637500078,71.11773385996855,178.85163199763696
29427508.02348165,4.618977872152197,0.1490180795461897,0.023716963969837357,5.668354388791129,99.99109273932524,70.70437973422983,177.8121014056345
29768379.087619025,4.672481413846967,0.14558461842130388,0.02317051165989792,5.5377522867156035,99.41008545314396,70.29354554225226,176.77890811153574
30113198.603058275,4.726604709316947,0.14223119330153847,0.02263679747579872,5.410194596715895,98.83261521904096,69.88521242378464,175.75200468432
30462012.306353018,4.781354937427879,0.13895589533307537,0.022115517614018976,5.2856087097505355,98.25865571149164,69.47936176387003,174.731344309849
30814866.463842224,4.83673936020126,0.1357568632183834,0.02160637583985603,5.1639238257255915,97.6881809434313,69.07597518687875,173.71688077586057
31171807.87778728,4.89276532377763,0.13263228193507315,0.021109083283524784,5.045070904762424,97.1211652580994,68.67503455074142,172.70856845746573
31532883.89257965,4.9494402593909355,0.1295803814938539,0.020623358242480405,4.9289826199528175,96.55758332115695,68.27652194137517,171.70636230313113
31898142.40102036,5.0067716843541605,0.12659943573419058,0.020148925989741162,4.815593311548138,95.99741011306791,67.88041966729638,170.71021782113093
32267631.85067288,5.064767203056487,0.12368776115628512,0.0196855185879925,4.704838942530208,95.44062092172908,67.48671025440932,169.72009106644086
32641401.250288885,5.1234345079718855,0.12084371578812254,0.01923287470927182,4.596657055515966,94.88719133534457,67.09537644096756,168.73593862806692
33019500.176308878,5.182781380679466,0.11806569808632503,0.018790739460033956,4.490986730948116,94.33709723553169,66.70640117269916,167.75771761678578
33401978.779437672,5.24281569289557,0.1153521458696356,0.018358864211409864,4.387768546526958,93.79031479065021,66.31976759808971,166.78538565328233
33788887.79129677,5.3035454075179365,0.11270153528389465,0.017937006434477487,4.28694453784012,93.24682044934609,65.93545906381705,165.81890085666853
34180278.53115314,5.364978579681862,0.11011237979742838,0.01752492954037288,4.188458160149119,92.70659093430255,65.55345911033264,164.8582218333713
34576202.91272596,5.4271233578285925,0.10758322922579899,0.01712240272507437,4.092254251292775,92.1696032361896,65.17375146758323,163.90330766637285
34976713.451072805,5.489987984786188,0.10511266878491601,0.01672920081870055,3.9982789956694322,91.63583460780389,64.79632005086704,162.9541179047898
35381863.26955494,5.553580798862807,0.10269931817155811,0.016345104139170785,3.906479889261818,91.10526255839383,64.42114895682114,162.01061255378175
35791706.106883705,5.617910234952708,0.1003418306703735,0.015969898350079892,3.8168057056690947,90.5778648481608,64.04822245953312,161.07275206477266
36206296.32424803,5.682984825655004,0.09803889228648668,0.015603374322648245,3.7292064631129307,90.05361948293239,63.67752500677448,160.14049732597866
36625688.91252535,5.748813202405485,0.0957892209028435,0.015245328001609049,3.643633392384563,89.53250470899708,63.309041216348334,159.2138096532224
37049939.4995753,5.815404096621457,0.09359156546150368,0.014895560274907016,3.5600389057027773,89.0144990081001,62.94275587255079,158.29265078103452
37479104.35761793,5.882766340859822,0.091444705168079,0.01455387684708076,3.478376566452302,88.49958109259045,62.57865392273947,157.37698285402354
37913240.41069802,5.950908869988702,0.08934744871856556,0.01422008811620934,3.3986010597740326,87.98772990071393,62.21672047400517,156.46676841850567
38352405.242235176,6.019840722372496,0.08729863354785332,0.01389400905430882,3.3206681639798084,87.47892459204878,61.85694078994433,155.56197041438793
38796657.102661796,6.089571041070758,0.08529712509921215,0.013575459091067388,3.2445347227651062,86.97314454307774,61.49930028752804,154.66255216729425
39246054.917149,6.160109075050856,0.08334181611408588,0.013264262000812543,3.1701586181941983,86.47036934289214,61.14378453406438,153.768477380926
39700658.293422915,6.231464180414835,0.08143162594153958,0.01296024579260624,3.0974987444328916,85.97057878902098,60.790379244249095,152.87971012964493
40160527.52967076,6.303645821640364,0.07956549986675567,0.012663242603371705,3.0265149822058377,85.47375288338435,60.43907027730429,151.9962148512774
40625723.622538485,6.376663572836051,0.07774240845796956,0.012373088593955028,2.957168173955252,84.97987182836435,60.089843634200086,151.11795634012702
41096308.2752218,6.4505271190114275,0.0759613469312716,0.012089623848030251,2.8894200996792305,84.48891602298967,59.74268545495675,150.24489974019016
41572343.905650124,6.525246257361501,0.07422133453272423,0.01181269227376025,2.8232334534287,84.00086605923093,59.39758201602509,149.37701053856773
42053893.65476578,6.600830898566281,0.07252141393725219,0.011542141508127157,2.758571820442391,83.51570271840086,59.05451972774103,148.51425455906394
42541021.39489863,6.677291068105263,0.0708606506638024,0.011277822823852146,2.695399654900663,83.03340696765892,58.71348513185394,147.65659795597028
43033791.73823857,6.754636907587282,0.06923813250626328,0.01101959103882344,2.633682258278802,82.5539599566128,58.37446489912361,146.80400720802226
43532270.045405366,6.832878676095647,0.06765296897967632,0.010767304427958146,2.5733857582819972,82.07734301401705,58.03744582698575,145.95644911252853
44036522.434117734,6.912026751548852,0.0661042907812747,0.010520824637423876,2.5144770883443064,81.60353764456433,57.70241483728314,145.11389077966487
44546615.78796371,6.992091632077179,0.06459124926589235,0.010280016601147524,2.4569239676742582,81.1325255257632,57.369358974057825,144.27629962692203
45062617.765271656,7.073083937415109,0.06311301593533947,0.010044748459546837,2.4006948818316944,80.66428850490689,57.03826540140774,143.4436433737153
45584596.808084585,7.155014410309933,0.06166878194129467,0.009814891480413257,2.3457590638187686,80.19880859611992,56.70912140139838,142.61589003613264
46112622.151237875,7.2378939179466135,0.06025775760134861,0.009590319981887863,2.2920864756711996,79.7360679774906,56.381914372035126,141.79300792183543
46646763.83154307,7.3217334533892755,0.058879171927779694,0.009370911257463699,2.2396477905338243,79.27604898827657,56.056631825287305,140.9749656250892
47187092.69707725,7.40654413703928,0.0575322721687152,0.009156545502959301,2.188414375207273,78.81873412618944,55.7332613851681,140.16173202193485
47733680.41657994,7.492337218110177,0.05621632336130046,0.008947105745403361,2.1383582731514035,78.3641060447509,55.41179078586509,139.3532762654872
48286599.48895975,7.5791240761198795,0.05493060789652797,0.008742477773775126,2.089452187932255,77.91214755071803,55.09220786991958,138.54956778135636
48845923.25291024,7.666916222399975,0.05367442509539928,0.008542550071548471,2.041669467100085,77.46284160157883,54.774500586455794,137.75057626319415
49411725.89663764,7.755725301622609,0.05244709079608343,0.008347213750986127,1.9949840864856845,77.01617130311266,54.45865698945574,136.95627166835578
49984082.46770072,7.845563093344957,0.05124793695176085,0.008156362489134539,1.949370634903155,76.57211990701425,54.144665236079206,136.16662421367496
50563068.88296565,7.936441513571754,0.05007631123884851,0.007969892465470974,1.904804299247563,76.13067080858018,53.83251358502778,135.3816043713494
51148761.938675225,8.028372616335774,0.04893157667531201,0.0077877023011559965,1.8612608499762833,75.69180754445547,53.52219039495154,134.60118286493395
51741239.32063476,8.12136859529662,0.04781311124877162,0.007609692999844708,1.8187166269628854,75.25551379043587,53.213684122894946,133.82533066543232
52340579.61451686,8.215441785358164,0.04672030755413923,0.007435767890014877,1.7771485257135557,74.8217733593287,52.90698332278429,133.05401898749304
52946862.316284575,8.310604664304595,0.04565257244050934,0.007265832568767894,1.7365339839355267,74.39057019886693,52.60207664395269,132.28721928570013
53560167.84273584,8.406869854455477,0.04460932666704805,0.007099794847061802,1.6968509684477708,73.96188838967568,52.29895282970225,131.52490325095712
54180577.542169504,8.504250124339901,0.043590004567629625,0.006937564696336551,1.658077962424436,73.53571214328964,51.99760071590206,130.76704280696117
54808173.7051759,8.60275839039019,0.04259405372397925,0.006779054196493051,1.6201939529618392,73.11202580022005,51.69800922962142,130.0136101067658
55443039.5755515,8.702407718655078,0.041620934647086265,0.006624177485188509,1.583178418960054,72.69081382806951,51.400167387796806,129.2645775294286
56085259.36133997,8.803211326532722,0.04067012046666037,0.006472850708411859,1.5470113193104345,72.2720608196932,51.10406429593165,128.51991767674116
56734918.2460021,8.905182584523953,0.039741096628405595,0.0063249919723034065,1.5116730813805144,71.8557514914029,50.809689146826365,127.77960337003539
57392102.39971399,9.00833501800565,0.038833360598913826,0.006180521296187181,1.4771445897887365,71.44187068121916,50.51703121934246,127.04360764707542
58056898.990796894,9.112682309024784,0.03794642157794842,0.00603936056677945,1.4434071754602888,71.03040334716054,50.226079877192866,126.3119037590154
58729396.19727859,9.218238298113105,0.03707980021793452,0.005901433493544217,1.410442604957068,70.62133456557618,49.93682456776284,125.58446516743419
59409683.21859,9.325016986123057,0.0362330283504578,0.005766665565164142,1.37823307007423,70.21464952951882,49.649254820959584,124.86126554144246
60097850.28739615,9.433032536084783,0.03540564871957579,0.0056349840070957224,1.3467611776958779,69.81033354715406,49.36336024808736,124.14227875485354
60793988.68156418,9.54229927508463,0.034597214721768674,0.005506317740181177,1.3160099399033014,69.40837204020882,49.07913054075041,123.42747888342458
61498190.73627111,9.652831696165611,0.03380729015234333,0.005380597340287396,1.285962764328688,69.00875054245412,48.79655546978015,122.71684020215852
62210549.85625058,9.76464446024966,0.03303544895812673,0.005257754998945874,1.256603444748064,68.61145469822505,48.51562488418854,122.01033718267192
62931160.52818223,9.877752398082285,0.03228127499627357,0.0051377244849657435,1.227916151906813,68.21647026097259,48.23632871014417,121.30794449062006
63660118.33322384,9.99217051219963,0.031544361799032514,0.005020441106995177,1.1998854245718475,67.82378309185007,47.95865694997269,120.60963698318301
64397519.95968987,10.107913978918516,0.030824312344309355,0.0049058416770053626,1.1724961608042819,67.43337915833058,47.68259968117915,119.91538970660709
65143463.21587572,10.224998150349352,0.030120738831879792,0.00479386447467367,1.1457336094470074,67.04524453285751,47.40814705549384,119.22517789380515
65898047.043030605,10.343438556432366,0.02943326246509209,0.004684449212640551,1.119583361821092,66.65936539152108,47.13528929793642,118.53897696200309
66661371.52848172,10.463250906997603,0.028761513237932045,0.004577537002619869,1.0940313436261488,66.27572801276878,46.86401670590403,117.85676251044657
67433537.9189093,10.584451093848578,0.02810512972729735,0.004473070322338346,1.069063807038865,65.89431877614177,46.59431964827789,117.17851031815411
68214648.63377613,10.707055192870213,0.02746375889035039,0.004370992983283251,1.044667323004697,65.51512416103907,46.32618856454935,116.50419634171934
69004807.27891177,10.831079466161006,0.02683705586681883,0.004271250099237567,1.0208287737177786,65.13813074550932,46.059613963965575,115.83379671316251
69804118.66025564,10.95654036419018,0.02622468378611375,0.004173788055581884,0.9975353452840704,64.76332520506817,45.79458642469336,115.16728773782754
70612688.79775797,11.08345452797959,0.025626313579140258,0.004078554479343133,0.9747745205630088,64.39069431154029,45.53109659300019,114.5046458923225
71430624.93944168,11.21183879131089,0.025041623794682874,0.003985498209971405,0.952534072183166,64.02022493192678,45.2691351824535,113.84584782250589
72258035.57562862,11.341710182958503,0.024470300420246956,0.0038945692708259867,0.9308020557274109,63.651904027297086,45.00869297313709,113.19087034151599
73095030.45332901,11.473085928948205,0.023912036707239764,0.003805718841352057,0.9095668030831418,63.28571865170306,44.7497608108832,112.53969042783977
73941720.59079845,11.605983454842011,0.023366533000379507,0.003718899229930295,0.8888169159533407,62.92165595111394,44.492329606519554,111.89228522341898
74798218.29226273,11.740420388049401,0.022833496571234728,0.0036340638473838505,0.8685412595247404,62.559703162378604,44.23639033513541,111.24863203180476
75664637.16281469,11.876414560165546,0.02231264145577195,0.0035511671811232493,0.8487289562884567,62.19984761220295,43.98193403535859,110.60870831633916
76541092.12348214,12.01398400933639,0.021803688295822275,0.0034701647699150184,0.8293693800096895,61.842076716150196,43.728951808648496,109.97249169837737
77427699.42647053,12.153146982651158,0.021306364184367918,0.003391013179258273,0.8104521498427274,61.486377977663835,43.477434818605296,109.33995995555026
78324576.67058341,12.29392193856277,0.02082040251454471,0.0033136699773527183,0.7919671245872998,61.13273898710752,43.22737429029096,108.71109102005703
79231842.81682003,12.436327549336058,0.02034554283226917,0.0032380937116435193,0.7739043970828012,60.78114742082276,42.97876150956301,108.0858629769895
80149618.20415452,12.580382703524489,0.019881530692407213,0.0031642438859298405,0.756254288737232,60.43159104021008,42.73158782242475,107.46425406269823
81078024.5654969,12.726106508475421,0.019428117518378335,0.003092080938020159,0.7390073441868181,60.08405769082031,42.48584463438278,106.84624266317654
82017185.04384065,12.873518292864643,0.018985060465132632,0.0030215662179243763,0.722154326083926,59.73853530147323,42.24152340982367,106.23180731249317
82967224.20859571,13.02263760926004,0.018552122285391742,0.002952661966565406,0.7056862100091321,59.39501188338426,41.99861567139658,105.62092669123936
83928268.0721108,13.173484236714927,0.018129071199090244,0.002885331295000127,0.6895941795050304,59.053475529312664,41.75711299941083,105.01357962501409
84900444.10638863,13.326078183391717,0.01771568076592963,0.002819538164135715,0.673869621228436,58.713914412724456,41.517007031244034,104.40974508293546
85883881.25999293,13.480439689215654,0.01731172976097095,0.0027552473649296028,0.6585041202181752,58.376316786972374,41.27828946076225,103.80940217618249
86878709.97515246,13.636589228559483,0.01691700205318581,0.002692424499060264,0.6434894552754032,58.04067098448841,41.040952037749044,103.21253015655927
87885062.20506205,13.79454751295904,0.016531286486898143,0.0026310359600580924,0.6288175944538842,57.706965415993295,40.80498656734644,102.61910841508907
88903071.43138574,13.954335493860578,0.016154376766042096,0.002571048914884466,0.6144806906573875,57.375188569719796,40.57038490950576,102.02911648063326
89932872.68196128,14.115974365399667,0.01578607134116764,0.002512431285948136,0.6004710773416047,57.04532901065044,40.337138978448614,101.44253401853571
90974602.54870942,14.279485567212278,0.015426173299124168,0.0024551517335478223,0.5867812643179297,56.71737537976746,40.10524074213651,100.85934082928901
92028399.2057525,14.444890787278686,0.015074490255363494,0.0023991796387317077,0.5734039336568783,56.39131639332134,39.874682221753645,100.27951684723372
93094402.42774102,14.612211964800034,0.014730834248779915,0.0023444850865607103,0.5603319356880099,56.067140842100805,39.64545549119072,99.70304213926022
94172753.60839354,14.781471293108387,0.014395021639054574,0.0022910388497703327,0.5475582850951096,55.744837590731464,39.41755267654898,99.12989690356152
95263595.77925031,14.952691222610314,0.014066873006410623,0.0022388123728162013,0.5350761571030722,55.42439557697256,39.19096595564299,98.56006146838264
96367073.628646,15.125894463764872,0.013746213053742939,0.0021877777562975265,0.5228788837551089,55.10580381103283,38.96568755751681,97.99351629080408
97483333.52090041,15.301103990095811,0.013432870511056117,0.0021379077417479353,0.5109599502777566,54.78905137489738,38.741709761968075,97.43024195554474
98612523.51573154,15.478343041238666,0.0131266780421549,0.002089175696784795,0.4993129915315661,54.47412742166563,38.519024899079824,96.87021917378466
99754793.38789527,15.657635126023429,0.012827472153531305,0.002041555600608147,0.4879317885453472,54.161021174898984,38.29762534875926,96.31342878200498
100910294.64705057,15.839004025592619,0.012535093105398855,0.0019950220298413646,0.4768102651320862,53.84972192798197,38.077503540285974,95.75985174085181
102079180.55785583,16.022473796555616,0.012249384824813966,0.0019495501447039931,0.4659424845842544,53.54021904348807,37.85865195186354,95.20946913400866
103261606.16029811,16.20806877417958,0.011970194820848882,0.001905115675511104,0.4553226464471539,53.23250195256627,37.64106311018574,94.66226216710534
104457728.29025586,16.39581357561699,0.011697374101747836,0.0018616949094882873,0.4449450833677007,52.926560154327696,37.42472959000283,94.11821216662742
105667705.600304,16.585733103171243,0.011430777094030812,0.0018192646778966148,0.434804258017291,52.622383215245506,37.20964401369726,93.57730057884889
106891698.5807558,16.777852547599405,0.011170261563498214,0.0017778023434601442,0.4248947600869745,52.319960768568336,36.995799050868804,93.03950896878929
108129869.58095057,16.97219739145355,0.01091568853807921,0.0017372857880868509,0.4152113033527574,52.01928251373394,36.78318741792006,92.50481901917084
109382382.83078754,17.168793412460765,0.010666922232496562,0.0016976934008786637,0.4057487228100007,51.72033821580266,36.57180187765581,91.97321252941111
110649404.46250914,17.36766668694226,0.010423829974686563,0.0016590040664208328,0.3965019718745791,51.423117704889876,36.36163523888164,91.44467141461365
111931102.5327367,17.568843593272124,0.010186282133947533,0.0016211971533464098,0.387466119649792,51.12761087561562,36.15268035601488,90.91917770458936
113227647.04476173,17.772350815376193,0.009954152050762523,0.0015842525031671828,0.37863634825695675,50.83380768655573,35.9449301286964,90.39671354288038
114539209.97109315,17.978215346271096,0.009727315968265489,0.0015481504193661788,0.3700079502285168,50.54169815970569,35.73837750141154,89.87726118580674
115865965.27627042,18.18646449164502,0.009505652965306994,0.0015128716567447409,0.36157632596199313,50.25127237995141,35.533015463115895,89.3608030015252
117208088.93993612,18.397125873479222,0.009289044891079701,0.001478397411017851,0.35333698123326646,49.962520494544535,35.328837046864294,88.84732146909624
118565758.98017819,18.61022743371185,0.009077376301272939,0.001444709308652814,0.3452855247680226,49.67543271259083,35.12583532944903,88.33679917757424
119939155.47714217,18.82579743794415,0.008870534395715888,0.0014117893969448625,0.3374176658698222,49.389999304546386,34.924003431043616,87.82921882511155
121328460.59691729,19.043864479189654,0.008668408957464756,0.0013796201343225791,0.32972921210309647,49.10621060170847,34.72333451484279,87.32456321805323
122733858.61569685,19.264457481666433,0.008470892293324142,0.0013481843808815785,0.32221606703069733,48.824056995735205,34.523821786722856,86.82281527008274
124155535.94422346,19.48760570463404,0.008277879175738466,0.0013174653891362411,0.3148742280035617,48.543528938151915,34.32545849489262,86.32395800134417
125593681.15251239,19.713338746274115,0.008089266786044335,0.0012874467949880453,0.3076997840021429,48.264616939876916,34.12823792955808,85.82797453759893
127048484.99486376,19.94168654761635,0.007904954659036465,0.0012581126089029615,0.30068891352780786,47.987311570745085,33.93215342258552,85.33484810937854
128520140.43516417,20.172679396509835,0.0077248446288289765,0.0012294472072950091,0.29383788254350723,47.711603459048014,33.73719834717639,84.84456205116693
130008842.67248112,20.406347931640422,0.00754884077596885,0.0012014353241091014,0.2871430424620753,47.437483291072205,33.5433661175407,84.35709980057914
131514789.16695409,20.642723146594584,0.007376849375779197,0.0011740620425996218,0.28060082818130966,47.16494181064573,33.350650188576516,83.87244489755521
133038179.66598605,20.8818363939705,0.007208778847901662,0.0011473127872998479,0.2742077561646637,46.89396981869106,33.15904405555374,83.39058098356499
134579216.23073554,21.123719389536266,0.007044539707012142,0.0011211733161781146,0.26796042256656943,46.624558172788,32.96854125380506,82.91149180083087
136138103.26292118,21.368404216437167,0.0068840445146735535,0.0010956297129749437,0.2618555014010116,46.35669778673267,32.77913535841409,82.4351611915436
137715047.53193122,21.615923329450826,0.006727207832311691,0.0010706683797189198,0.2558897427528219,46.09037963011346,32.590819983915544,81.96157309710814
139310258.20224965,21.86630955929205,0.006573946175275814,0.0010462760294152051,0.2500599710302341,45.82559472788427,32.40358878399347,81.49071155738481
140923946.86119968,22.119596116967458,0.0064241779679651235,0.0010224396789036971,0.24436308325798364,45.56233415994596,32.21743545118527,81.02256070994497
142556327.54700908,22.375816598180673,0.00627782349999533,0.00099914664188272,0.2387960474099701,45.30058906073494,32.03235371659081,80.55710478933942
144207616.77719775,22.63500498778806,0.006134804883378083,0.0009763845220939205,0.23335590078044702,45.04035061881391,31.84833734958303,80.09432812637064
145878033.57729968,22.897195664306967,0.005995046010692367,0.0009541412066650378,0.22803974839294405,44.78161007646974,31.665380157523582,79.63421514737769
147567799.50991225,23.16242340447532,0.005858472514221327,0.0009324048596063284,0.2228447614459125,44.52435872931247,31.483475985479302,79.17675037352315
149277138.7040845,23.43072338786446,0.005725011726039197,0.000911163915458202,0.2177681757945103,44.268587925889115,31.302618715949112,78.72191842010628
151006277.8850454,23.70213120154535,0.005594592639012741,0.0008904070730844094,0.21280729046717387,44.01428906728701,31.122802268583566,78.26970399585775
152755446.40427667,23.97668284480877,0.005467145868710944,0.000870123289609781,0.2079594662167377,43.76145360675544,30.94402059991727,77.82009190226675
154524876.26993355,24.254414733940283,0.005342603616190846,0.0008503017744974084,0.20322212410488064,43.51007304932479,30.7662677030996,77.37306703290372
156314802.17761886,24.53536370705052,0.005220899631644886,0.0008309319837629392,0.1985927441193425,43.26013895143455,30.589537607631673,76.92861437275886
158125461.54151034,24.81956702896097,0.005101969178883238,0.0008120036143217657,0.19406886382290203,43.0116429205572,30.413824379100355,76.48671899757326
159957094.52585474,25.107062396147345,0.004985749000642076,0.0007935065984676637,0.18964807703377165,42.76457661483939,30.239122118924584,76.0473660732009
161809944.07682055,25.397887941739217,0.004872177284684285,0.0007754310984775525,0.18532803253613508,42.51893174273075,30.065424964092863,75.61054085494847
163684255.95472282,25.69208224057806,0.00476119363069261,0.0007577675013423768,0.18110643282082808,42.27470006263965,29.892727086919862,75.17622868696326
165580278.76662043,25.98968431433377,0.004652739017913397,0.0007405064136174477,0.17698103285457004,42.03187338256533,29.721022694786296,74.74441500157899
167498263.999292,26.29073363668058,0.00454675577355651,0.000723638656393133,0.1729496388779588,41.79044355975671,29.55030602989765,74.31508531870907
169438466.05258995,26.595270138532406,0.004443187541919318,0.0007071552603807874,0.1690101072310082,41.55040250036616,29.38057136903939,73.88822524523091
171401142.27318817,26.90333421333985,0.004341979254220819,0.0006910474611117047,0.16516034320569745,41.311742159104334,29.21181302333286,73.46382047437216
173386552.98871335,27.214966722447553,0.004243077099131246,0.0006753066942467578,0.16139829992497515,41.07445453890021,29.044025337994906,73.04185678510602
175394961.54227534,27.530209000514102,0.0041464284939852925,0.0006599245909948426,0.1577219772477674,40.83853169057714,28.87720269210882,72.62232004157538
177426634.32739675,27.849102860994623,0.004051982056647569,0.000644892973635125,0.1541294206987949,40.603965712507275,28.711339498379964,72.2051961924781
179481840.82334718,28.17169060168689,0.00395968757803448,0.0006302038511437625,0.15061872042335928,40.370748750291064,28.54643020290915,71.79047127049718
181560853.63088667,28.498015010341653,0.003869495995266697,0.0006158494149209881,0.14718801016611618,40.13887299643666,28.38246928496596,71.37813139173063
183663948.508424,28.828119370338097,0.003781359365435518,0.0006018220346158953,0.14383546627319901,39.90833069003323,28.21945125675771,70.96816275511054
185791404.40859002,29.162047466424426,0.003695230839974695,0.0005881142540475892,0.14055930671737385,39.67911411643296,28.057370663204615,70.5605516418375
187943503.51524216,29.499843590526158,0.003611064639623823,0.0005747187872204851,0.13735779014569596,39.45121560694255,27.896222081721632,70.15528441483214
190120531.28089014,29.841552547620488,0.0035288160299637296,0.0005616285144306454,0.13422921494892429,39.224627538508614,27.736000121996035,69.75234751817558
192322776.4645587,30.18721966167928,0.00344844129751551,0.0005488364784618227,0.13117191835237565,38.99934233340991,27.576699425769746,69.35172747656217
194550531.17008856,30.536890781680828,0.003369897726388547,0.0005363358808688767,0.12818427552766157,38.77535245895206,27.418314666623466,68.95341089475656
196804090.88488147,30.89061228769133,0.0032931435754649714,0.0005241200783465683,0.12526469872482984,38.55265042716513,27.260840549762914,68.55738445705603
199083754.51909027,31.24843109701621,0.0032181380561093877,0.0005121825791819523,0.12241163642448662,38.331228794508036,27.104271811809685,68.16363492676473
201389824.44527075,31.61039467042391,0.00314484131038993,0.0005005170397881509,0.11962357250936807,38.11108016157425,26.948603220593256,67.77214914567035
203722606.53848508,31.976551018440603,0.003073214389795285,0.0004891172613170625,0.11689902545477794,37.89219717278819,26.793829574936254,67.38291403350432
206082410.2168734,32.34694870771832,0.0030032192344476957,0.0004779771863510085,0.11423654753789104,37.674572516126766,26.639945704457567,66.99591658744652
208469548.48269486,32.721636867476825,0.002934818652787521,0.0004670908956694309,0.111634724064994,37.458198922827115,26.486946469365684,66.61114388160563
210884337.96384397,33.10066519602009,0.002867976301725172,0.00045645260508997426,0.10909217261650386,37.24306916710052,26.334826760256405,66.22858306651031
213327098.95584783,33.48408396732818,0.0028026566672492603,0.0004460566623821771,0.10660754230934034,37.02917606585174,26.18358149791437,65.84822136861024
215798155.46435073,33.87194403772575,0.0027388250454798,0.00043589754425199523,0.10417951307622687,36.81651247840183,26.03320563311708,65.47004608978305
218297835.2480864,34.26429685262696,0.0026764475241539015,0.00042596985339515836,0.10180679496144286,36.60507130620676,25.88369414643591,65.09404460683406
220826469.86235696,34.66119445336006,0.0026154909645383856,0.0004162683156184732,0.09948812743281511,36.39484549258637,25.735042048044473,64.72020437101423
223384394.70300665,35.06268948406948,0.002555922983755358,0.0004067877770268513,0.09722227870941748,36.18582802245005,25.58724437752463,64.3485129075324
225971949.05090922,35.46883519869867,0.0024977119375158637,0.00039752320127528495,0.09500804510479312,35.9780119220351,25.440296203681473,63.97895781508991
228589476.11696988,35.879685468053665,0.0024408269032434892,0.00038846966688288465,0.09284425038500944,35.771390258626866,25.294192624345467,63.611526765383054
231237323.08764946,36.29529478694859,0.002385237663590693,0.0003796223646094221,0.0907297451416519,35.565956140302525,25.148928766191244,63.24620750264738
233915841.17101112,36.71571828143323,0.002330914690331133,0.0003709765948917143,0.08866340617911973,35.3617027156714,25.004499784553996,62.882987843195906
236625385.64330986,37.14101171610577,0.0022778291286182184,0.0003625277653382941,0.08664413591585231,35.158623173606934,24.860900863239955,62.521855674942536
239366315.89611247,37.571231501508784,0.0022259527816077948,0.0003542713882820347,0.0846708617994063,34.95671074299423,24.71812721434786,62.16279895695306
242138995.48396763,38.00643470161162,0.002175258095431709,0.0003462030783886183,0.08274253573487979,34.75595869247494,24.576174078088563,61.805805718991515
244943792.17262757,38.446679041379305,0.002125718144513882,0.0003383185503195163,0.08085813352636441,34.55636033018777,24.435036722601573,61.450864061058745
247781077.98782822,38.89202291442917,0.0020773066172274984,0.00033061361644926013,0.07901665433137318,34.35790900353091,24.29471044378704,61.097962152969934
250651229.2646343,39.34252539077607,0.0020299978018737718,0.00032308418463389277,0.07721712012750039,34.16059809889905,24.155190565119803,60.747088233886956
253554626.69735718,39.79824622466759,0.001983766572985785,0.0003157262560311569,0.07545857519144651,33.96442104143889,24.016472437476498,60.39823061188352
256491655.39004558,40.25924586250912,0.0019385883779483295,0.0003085359229709761,0.0737400855900633,33.769371294817724,23.878551438971954,60.05137766353379
259462704.90757173,40.72558545088239,0.0018944392239163034,0.00030150936687345364,0.07206073868275543,33.57544236096129,23.741422974773794,59.7065178334461
262468169.32729876,41.19732684465527,0.001851295665040046,0.00029464285621572106,0.07041964263555735,33.38262777982611,23.605082476941462,59.36363963385813
265508447.29135182,41.67453261518629,0.0018091347899787684,0.0002879327445446389,0.06881592594616871,33.190921129155576,23.469525404253766,59.02273164420319
268583942.05949354,42.157266058624,0.0017679342097020817,0.0002813754685353498,0.06724873697994861,33.000316024248875,23.334747242045466,58.683782510699295
271695061.5626132,42.64559120430281,0.0017276720455670679,0.0002749675460936851,0.06571724351639076,32.81080611771559,23.200743502033752,58.34678094591276
274842218.4568299,43.13957282323496,0.0016883269176729842,0.0002687055745027589,0.06422063230615939,32.62238509925505,23.067509722162228,58.01171572836582
278025830.17823356,43.6392764367028,0.0016498779334768604,0.0002625862286110836,0.062758108638049,32.43504669541171,22.935041466427936,57.67857570210164
281246318.9982488,44.1447683249488,0.001612304676676964,0.0002566062590633189,0.061328895916133226,32.24878466936886,22.803334324735495,57.347349776317515
284504112.0796458,44.65611553596701,0.0015755871963390217,0.00025076249056965594,0.059932235246147776,32.063592820687816,22.672383912712657,57.01802692490097
287799641.5331987,45.17338589439628,0.0015397059962826362,0.000245051820216613,0.05856738503177051,31.879464985105958,22.542185871567522,56.69059618607072
291133344.47500056,45.69664801051649,0.0015046420247062711,0.00023947121581580078,0.05723362057997639,31.696395034317028,22.412735867933183,56.36504666198593
294505663.0844417,46.225971289348884,0.001470376664044531,0.00023401771428965823,0.055930233715228324,31.514376875727283,22.284029593695287,56.04136751831258
297917044.66286176,46.76142593986215,0.0014368917210654034,0.00022868842009537982,0.054656532402795784,31.33340445225586,22.156062765850876,55.71954798386851
301367941.69287395,47.303082984284096,0.0014041694171865423,0.00022348050368370398,0.05341184038040526,31.15347174209797,22.02883112634096,55.39957735020223
304858811.89838946,47.85101426752307,0.0013721923790196559,0.0002183911999940058,0.052195496798567394,30.974572758526648,21.902330441910298,55.08144497124046
308390118.30532473,48.40529246669671,0.001340943629124167,0.0002134178069826964,0.05100685586886445,30.796701549658533,21.776556503941805,54.765140262871554
311962329.303018,48.96599110077193,0.0013104065769799125,0.00020855768418648335,0.04984528652056953,30.61985219826501,21.651505128323002,54.450652702609716
315575918.70635587,49.53318454031641,0.0012805650101558597,0.00020380825131682823,0.04871017206472195,30.444018821526143,21.52717215527202,54.13797182915737
319231365.81862134,50.10694801736326,0.0012514030856915833,0.00019916698688826617,0.04760090986629562,30.26919557084978,21.40355344920969,53.82708724208352
322929155.49506253,50.68735763538888,0.001222905321668483,0.00019463142687692336,0.04651691102358469,30.095376631650748,21.280644898603402,53.51798860143108
326669778.2072117,51.27449037940852,0.0011950565889756225,0.00019019916341000975,0.04545760005499234,29.922556223143545,21.158442415820527,53.2106656273482
330453730.1079353,51.868424126186675,0.001167842103263218,0.00018586784348517682,0.04442241459295727,29.750728598133826,21.036941936980977,52.90510809971753
334281513.097245,52.46923765456678,0.001141247417082377,0.00018163516771951826,0.04341080508496487,29.579888042827147,20.91613942182195,52.601305857816044
338153634.88886887,53.0770106559204,0.0011152584121992316,0.00017749888912632628,0.04242223450119199,29.41002887660648,20.79603085354062,52.299248799919454
342070609.0775944,53.691823744717375,0.0010898612920890456,0.0001734568119204916,0.0414561780489975,29.24114545183943,20.676612238657835,51.99892688295935
346032955.20739096,54.313758469218484,0.0010650425746019235,0.00016950679035121483,0.04051212289394035,29.073232153689016,20.557879606884274,51.70033012218674
350041198.8403233,54.942897322292154,0.0010407890847931504,0.0001656467275609197,0.039589567887059814,28.90628339990697,20.43982901097435,51.40344859080448
354095871.6262559,55.57932375235535,0.0010170879479167593,0.00016187457447014444,0.03868802329836453,28.740293640624483,20.32245652657818,51.10827241959511
358197511.37337893,56.223122174443404,0.000993926582583729,0.00015818832868863542,0.03780701055658387,28.575257358176792,20.205758252117597,50.81479179660901
362346662.1195371,56.87437798140592,0.0009712926940722538,0.00015458603345064326,0.036946061994703745,28.41116906690073,20.08973030864298,50.52299696680432
366543874.2043917,57.53317755523336,0.0009491742677907778,0.00015106577657453268,0.03610472060131332,28.24802331293328,19.974368839690808,50.23287823168873
370789704.3424173,58.199608278514724,0.0009275595628931053,0.0001476256894465955,0.03528253977773633,28.085814674032378,19.859670011156936,49.944425949000816
375084715.69674516,58.87375854602812,0.0009064371060379044,0.00014426394602784498,0.03447908310065496,27.92453775938971,19.745630011164263,49.65763053237716
379429477.9538548,59.55571777646442,0.0008857956852884266,0.00014097876188312597,0.033693924090067114,27.764187209427682,19.63224504991912,49.372482450991264
383824567.3991458,60.24557642428909,0.0008656243441545288,0.00013776839323287327,0.03292664598265672,27.604757695620957,19.519511359585113,49.088972229236255
388270566.9933695,60.943425991739055,0.0008459123757679336,0.00013463113602607546,0.03217684151023204,27.446243920297928,19.407425194142718,48.807090446371774
392768066.4499543,61.6493590409597,0.0008266493171963055,0.00013156532503533214,0.03144411268344439,27.288640616490987,19.295982829283425,48.52682773625778
397317662.31322426,62.363469206282254,0.0008078249438766131,0.0001285693329708959,0.030728070580044124,27.13194254770313,19.185180562244696,48.248174786939465
401919958.0375246,63.08585120664332,0.0007894292641866105,0.0001256415696166968,0.030028335138390542,26.976144507766456,19.0750147117099,47.97112234039566
406575564.0672631,63.81660085814835,0.0007714525141321163,0.00012278048098479655,0.029344534955366378,26.82124132063517,18.96548161766196,47.69566119217069
411285097.9178809,64.55581508678087,0.0007538851521612499,0.00011998454849004858,0.028676307089121614,26.66722784022844,18.856577641272217,47.42178219109496
416049184.2577519,65.30359194125755,0.0007367178540916764,0.00011725228814274402,0.028023296866115825,26.514098950228544,18.748299164757725,47.149476238926034
420868454.9910489,66.06003060603499,0.0007199415081585308,0.00011458224976046427,0.027385157692750964,26.361849563923652,18.640642591270044,46.878734290068984
425743549.3415517,66.82523141446424,0.0007035472101711631,0.0001119730161972532,0.026761550871143517,26.21047462401472,18.533604344758732,46.60954735123305
430675113.93743515,67.59929586209938,0.0006875262587828919,0.00010942320259077487,0.026152145419195198,26.059969102446104,18.427180869851547,46.34190648113041
435663802.8970371,68.38232662015965,0.0006718701508695782,0.00010693145562679085,0.025556617894803017,25.91032800024664,18.321368631742075,46.07580279019358
440710277.9156218,69.17442754914799,0.0006565705770093477,0.00010449645281973563,0.02497465222391682,25.761546347331215,18.216164116049438,45.811227440222524
445815208.3531398,69.97570371262593,0.0006416194170704378,0.0001021169018105006,0.024405939532709645,25.613619202351448,18.111563828712676,45.54817164411916
450979271.32302165,70.78626139115079,0.0006270087358960058,9.979153967965003e-05,0.02385017798343636,25.46654165251202,18.007564295860917,45.28662666556073
456203151.7819824,71.60620809637143,0.0006127307790886917,9.751913227651342e-05,0.02330707261408671,25.32030881340083,17.90416206369323,45.026583818697766
461487542.62087584,72.43565258528893,0.0005987779688928405,9.529847356382071e-05,0.022776335181753152,25.17491582883614,17.801353698370587,44.76803446788227
466833144.75659853,73.27470487468192,0.0005851429001674089,9.312838497677056e-05,0.022257684009448168,25.03035787068161,17.699135785885037,44.5109700273388
472240667.2250591,74.12347625569912,0.0005718183364537429,9.100771479719771e-05,0.021750843836530257,24.886630138693878,17.59750493195195,44.25538196089342
477710827.2752238,74.98207930862091,0.0005587972061305511,8.893533754161798e-05,0.0212555456724467,24.743727860344958,17.49645776188442,44.00126178165789
483244350.4642541,75.8506279177922,0.0005460725986595634,8.691015336370622e-05,0.02077152665392579,24.601646290678456,17.39599092049161,43.74860105177394
488841970.7537357,76.72923728672669,0.00053363776091141,8.493108746954192e-05,0.020298529905220523,24.46038071210674,17.296101071935308,43.49739138205262
494504430.60704285,77.61802395338924,0.0005214860935842784,8.299708954762064e-05,0.019836304401881336,24.319926434310766,17.196784899659118,43.247624431796154
500232481.08780956,78.51710580565211,0.000509611147693722,8.110713321018981e-05,0.019384604837235368,24.18027879402139,17.0980391062338,42.999291908409035
506026881.95955247,79.4266020969318,0.0004980066211496667,7.926021544846229e-05,0.01894319149218249,24.041433154883297,16.99986041326107,42.75238556715607
511888401.7864448,80.34663346200672,0.00048666635541154424,7.745535610026444e-05,0.018511830107963204,23.903384907322966,16.902245561280242,42.506897210927576
517817818.03526056,81.27732193301846,0.00047558433221318424,7.569159732878639e-05,0.01809029176157995,23.76612946833854,16.80519130961962,42.26281868986572
523815917.1784883,82.21879095565662,0.00046475467036862395,7.396800311421092e-05,0.017678352744296414,23.62966228136579,16.708694436301734,42.02014190112614
529883494.79866093,83.1711654055346,0.0004541716226518612,7.228365875711074e-05,0.01727579444294947,23.493978816161462,16.612751737960867,41.778858788670554
536021355.6938725,84.13457160475161,0.0004438295727386913,7.063767039172664e-05,0.01688240322362267,23.359074568571728,16.517360029679296,41.53896134285494
542230313.9845281,85.10913733864825,0.00043372303223085753,6.902916451234642e-05,0.016497970318450798,23.224945060463842,16.422516144938992,41.300441600308034
548511193.221328,86.09499187275593,0.0004238466377353102,6.745728750845448e-05,0.016122291714520624,23.091585839492463,16.32821693545638,41.063291643515804
554864826.494503,87.0922659699424,0.00041419514802089623,6.59212052122049e-05,0.015755168045716975,22.958992479010558,16.23445927111931,40.82750360066296
561292056.5443141,88.1010919077561,0.00040476344123294714,6.442010245510943e-05,0.015396404486771155,22.827160577888932,16.141240039859493,40.59306964531209
567793735.8728361,89.12160349597177,0.0003955465121748348,6.295318263538352e-05,0.015045810649856663,22.696085760384104,16.04855614755904,40.35998199616864
574370726.8570225,90.15393609433724,0.00038653946964672725,6.151966729439629e-05,0.014703200483360714,22.565763675938964,15.956404517909515,40.128232916726496
581023901.8631047,91.1982266305297,0.00037773753385480043,6.011879570433365e-05,0.014368392173335744,22.43618999912573,15.864782092371605,39.89781471516649
587754143.3622929,92.25461361831626,0.000369136033867884,5.874982446341103e-05,0.014041208046755238,22.30736042942179,15.773685830016602,39.66871974395779
594562344.047828,93.32323717592654,0.00036073040513898266,5.7412027101411134e-05,0.013721474477237263,22.17927069108614,15.683112707439053,39.44094039963823
601449406.9533881,94.4042390446379,0.00035251618708260184,5.6104693694103425e-05,0.01340902179289072,22.051916533027963,15.593059718663815,39.21446912258053
608416245.5728688,95.49776260757633,0.0003444890207057881,5.482713048621246e-05,0.01310368418620478,21.925293728653287,15.503523875037622,38.98929839671966
615463783.9815375,96.60395290873292,0.00033664464629357935,5.357865952304586e-05,0.012805299626007962,21.799398075718543,15.414502205125558,38.7654207492924
622592956.9586172,97.72295667220487,0.0003289789011474709,5.2358618290559995e-05,0.01251370977144384,21.674225396189133,15.325991754611021,38.54282875058585
629804710.1112652,98.85492232165518,0.00032148771737550185,5.116635936364133e-05,0.012228759887910279,21.54977153610028,15.237989586197353,38.32151501368998
637100000.0,100.0,0.00031416711973326493,5.000125006249245e-05,0.011950298764935698,21.42603236542851,15.150492779516943,38.10147219426908
