distance_m,distance_earth_radii,earth_solid_angle_sr,earth_ir_flux_w_m2,earth_albedo_flux_w_m2,extra_heat_ir_only_w,extra_heat_ir_plus_albedo_w,temperature_ir_only_k,temperature_ir_plus_albedo_k
6689550.0,1.05,4.367375015337511,216.78004535147392,185.17006802721087,21.678004535147394,23.5297052154195,442.1833096245513,451.3376944186995
6792270.921063384,1.0661232021760139,4.104836013141479,210.27280629736526,179.61168788956954,21.027280629736527,22.823397508632226,438.8269708600831,447.91186926576836
6896569.1661058115,1.0824939830647955,3.8773971009052524,203.96089961362705,174.22015755699564,20.396089961362705,22.138291536932662,435.4961084141796,444.5120478420487
7002468.955616275,1.0991161443441022,3.6756709073841147,197.83846187114457,168.99046858156555,19.78384618711446,21.47375087293011,432.190528918712,441.13803277569514
7109994.881999747,1.1159935460680814,3.493904313838785,191.89980564748137,163.9177628574616,19.189980564748137,20.82915819332275,428.91004047347224,437.78962819316297
7219171.915288228,1.1331301075636835,3.3282573055194553,186.1394142435562,158.9973281080418,18.61394142435562,20.203914705436038,425.6544526350319,434.46663970783516
7330025.408939253,1.1505298083408024,3.176008396483531,180.55193655892637,154.22459350838835,18.055193655892637,19.59743959097652,422.4235764056917,431.1688744087436
7442581.105723677,1.1681966890164304,3.035140909571909,175.13218212089083,149.59512543924632,17.513218212089082,19.009169466481545,419.21722422250906,427.89614084936863
7556865.1437036265,1.186134852252963,2.9041080229186162,169.87511626282046,145.1046233684301,16.987511626282046,18.438557859966348,416.0352099464153,424.64824903653147
7672904.062302488,1.204348463710954,2.7816902439608073,164.77585544721168,140.7489158558505,16.47758554472117,17.885074703279674,412.87734885140907,421.42501041936265
7790724.808467862,1.2228417530164593,2.6669043419496723,159.82966272914283,136.52395667847074,15.982966272914283,17.34820583969899,409.74345761383813,418.2262378783626
7910354.742929399,1.241619014743274,2.558942661067157,155.03194335589595,132.4258210715739,15.503194335589596,16.82745254630533,406.6333543017566,415.0517457145375
8031821.646552468,1.260684609410213,2.4571312475700413,150.3782404986793,128.4507020828677,15.03782404986793,16.32233107069661,403.5468583643693,411.9013496386255
8155153.726789657,1.280042964493746,2.360900099924663,145.86423111246216,124.59490703602155,14.586423111246217,15.83237218160643,400.48379062155,408.77486676039683
8280379.62423107,1.2996985754561403,2.2697614970636146,141.48572192009857,120.85485410036873,14.148572192009858,15.357120733013543,397.44397325344534,405.6721155780431
8407528.419255473,1.3196560067894323,2.183293866497525,137.23864551698927,117.22706896357053,13.723864551698927,14.896135241334633,394.4272297901521,402.59291596763984
8536629.638783317,1.339919893075391,2.1011295474710043,133.11905659268032,113.70818160416606,13.311905659268033,14.448987475309693,391.43338510147834,399.5370891726957
8667713.263133638,1.3604949400617858,2.022945353136412,129.12312826587603,110.29492316099831,12.912312826587604,14.015262058197585,388.4622653867785,396.50445779377685
8800809.732986227,1.3813859257551762,1.948455183281435,125.24714852946589,106.98412289661282,12.52471485294659,13.59455608191272,385.51369816486607,393.4948457782103
8935949.956450557,1.4025977015304594,1.877404165280451,121.48751680226907,103.77270525181268,12.148751680226908,13.186478732745035,382.5875122640067,390.50807840986926
9073165.316243503,1.4241351932574955,1.8095639516289375,117.84074058427976,100.65768698862223,11.784074058427976,12.790650928314198,379.6835378119812,387.54398229903086
9212487.676977,1.446003402444985,1.7447289050045596,114.30343221232262,97.63617441901951,11.430343221232263,12.406704965422456,376.80160622623094,384.6023853723163
9353949.39255789,1.4682074074019604,1.6827129729875974,110.8723057130882,94.70536071684919,11.08723057130882,12.03428417847731,373.9415502040719,381.6831168627025
9497583.31370112,1.4907523644170646,1.6233471048426753,107.54417375064014,91.86252331043174,10.754417375064016,11.67304260816833,371.10320371298855,378.78600729961437
9643422.795558585,1.5136435089559857,1.5664770988238923,104.31594466554432,89.10502135343462,10.431594466554433,11.322644680088779,368.28640198099623,375.91088849908755
9791501.705464821,1.5368861568772283,1.5119617947098045,101.18461960288373,86.43029327166826,10.118461960288373,10.982764893005058,365.4909814870829,373.0575935540116
9941854.430801958,1.5604857056666077,1.4596715456275626,98.1472897264762,83.83585438351514,9.814728972647622,10.65308751648277,362.7167799517167,370.2259568244409
10094515.886985097,1.5844476356906447,1.409486917672585,95.20113351672241,81.31929459179447,9.520113351672242,10.333306297590186,359.963636327433,367.4158139279863
10249521.525570663,1.608777511469261,1.361297576735055,92.34341414955921,78.87827614490591,9.23434141495592,10.02312417640498,357.2313907894859,364.62700173027247
10406907.342488907,1.6334809829679653,1.3150013302633305,89.57147695409736,76.510531465184,8.957147695409736,9.722253010061577,354.5198847265773,361.8593583354752
10566709.886403184,1.6585637869099332,1.2705032981003417,86.88274694656889,74.2138610424353,8.688274694656888,9.430413305081242,351.828960731651,359.1127230769237
10728966.267197244,1.6840317481081846,1.227715191508066,84.27472643830531,71.98613139071142,8.427472643830532,9.147333957737645,349.15846259276157,356.3869365077806
10893714.16459308,1.7098907808182515,1.186554683396341,81.74499271551522,69.82527306641185,8.174499271551523,8.872752002215641,346.50823528400923,353.6818403917885
11060991.836901117,1.7361468901116177,1.1469448558541093,79.29119578870963,67.72927874587896,7.929119578870964,8.606412366329753,343.87812495654447,350.9972776940877
11230838.129904518,1.7628061732702116,1.1088137135332061,76.91105620968777,65.69620136070192,7.691105620968777,8.348067634575798,341.26797892964356,348.33309257210686
11403292.485880265,1.7898748212023645,1.0720937533991663,74.60236295404711,63.72415228899045,7.4602362954047114,8.097477818294616,338.6776456818477,345.6891303665177
11578394.9527584,1.8173591198804584,1.0367215829481908,72.36297136726056,61.81129960094662,7.236297136726056,7.854410132735522,336.1069748421743,343.0652375922645
11756186.193422265,1.8452654518007008,1.0026375802746532,70.19080117240284,59.95586635709641,7.019080117240285,7.6186387808112475,333.5558171813904,340.46126192965585
11936707.495151203,1.873600297465265,0.9697855904230788,68.083834537685,58.15612895760834,6.808383453768499,7.389944743344583,331.02402460335765,337.87705221552983
12120000.779208593,1.902370236887238,0.9381126533193257,66.04011420199278,56.410415541158265,6.604011420199278,7.1681155756108605,328.5114501364377,335.31245843448136
12306108.610576782,1.9315819511186285,0.9075687592862489,64.05774165669602,54.7171044318598,6.405774165669603,6.952945209988201,326.0179479249683,332.7673317101613
12495074.207841842,1.96124222380189,0.8781066287378169,62.13487538203216,53.074622632811156,6.213487538203217,6.7442337645313275,323.5433732207998,330.24152429663644
12686941.453229748,1.9913579427452124,0.8496815131363686,60.26972913643318,51.48144436486541,6.026972913643318,6.541787357291973,321.0875823749,327.734889569821
12881754.902797056,2.021936101522062,0.8222510147078939,58.46057029719926,49.936089649260374,5.846057029719926,6.34541792621253,318.65043282901894,325.2472820189674
13079559.79677765,2.0529838010952206,0.795774922755271,56.70571825098551,48.43712293279788,5.670571825098552,6.15494305442653,316.2317831074218,322.778557238228
13280402.0700888,2.0845082514658295,0.7702150647001127,55.00354283259853,46.983151754288656,5.500354283259853,5.9701858008027395,313.8314928086797,320.32857191827503
13484328.3629981,2.116516773347685,0.7455351702305281,53.35246281066079,45.572825451030965,5.3352462810660795,5.790974535576389,311.4494225975281,317.8971838379899
13691386.031954646,2.1490167998673124,0.7217007471413319,51.75094441872801,44.204833904114324,5.175094441872801,5.6171427809139445,309.0854341967825,315.4842518562109
13901623.160586128,2.1820158782900845,0.6986789676321974,50.19749993050237,42.87790632138937,5.019749993050237,5.44852905626413,306.7393903793199,313.08963590354796
14115088.570865037,2.215521671772883,0.6764385639820264,48.69068627781247,41.590810056968266,4.869068627781247,5.28497672835093,304.41115496011895,310.7131969742573
14331831.834446369,2.2495419611436773,0.6549497326493471,47.22910371007832,40.342349466161046,4.722910371007832,5.126333865669443,302.10059278835985,308.3547971181773
14551903.28417911,2.2840846467083833,0.6341840459617166,45.81139449401814,39.13136479478579,4.581139449401814,4.972453097349671,299.8075697395887,306.0142994327296
14775354.025794936,2.319157750085534,0.6141143706548687,44.43624165238403,37.95673110181673,4.443624165238403,4.823191476256571,297.53195270793606,303.6915680549762
15002235.949775925,2.3547694160690513,0.5947147926072458,43.102367740560915,36.817357214374525,4.310236774056092,4.678410346199836,295.2736095984,301.38646815374176
15232601.743404971,2.390927914519694,0.5759605471890931,41.80853365988628,35.71218471408278,4.180853365988628,4.537975213129456,293.0324093191836,299.0988659217916
15466504.903000765,2.4276416422854754,0.5578279547096366,40.55353750659417,34.64018695385439,4.055353750659417,4.401755620197961,290.80822177409493,296.82862856807407
15703999.746341135,2.4649191251516456,0.540294360501812,39.336213455308396,33.60036810418916,3.93362134553084,4.269625026572731,288.60091785500083,294.57562431001685
15945141.425276652,2.502769019820539,0.5233380792332892,38.15543067605357,32.59176222810182,3.815543067605357,4.141460689886375,286.4103694343428,292.33972236588727
16189985.93853843,2.541200115921901,0.5069383430755062,37.01009228377215,31.613432383816257,3.7010092283772154,4.017143552215378,284.23644935770534,290.1207929472059
16438590.144742087,2.580221338054008,0.4910752534005316,35.89913431937731,30.66446975439698,3.589913431937731,3.8965581294817007,282.07903143644575,287.918707251223
16691011.7755919,2.6198417478562077,0.47572973570890065,34.82152476138966,29.743992803505016,3.482152476138966,3.7795924041740165,279.93799044037524,285.7333374534472
16947309.449287195,2.6600705461131997,0.4608834975212928,33.77626256724484,28.851146456498054,3.3776262567244846,3.6661377212894646,277.81320209050097,283.56455670023644
17207542.684135124,2.7009170748917164,0.4465189889929737,32.762376743376464,27.985101306110064,3.2762376743376467,3.5560886873987467,275.7045430518186,281.41223910144043
17471771.91237194,2.7423908197099265,0.4326193660333328,31.778925443215357,27.145052841976636,3.177892544321536,3.449343072741302,273.6118909261648,279.27625972310403
17740058.494197056,2.784501411740238,0.4191684557333645,30.824995092262558,26.330220703286198,3.082499509226256,3.345801716259118,271.5351242451193,277.1564945802218
18012464.732022054,2.8272586300458413,0.4061507239225212,29.899699539427605,25.539847953866715,2.9899699539427607,3.2453684334814277,269.47412246296597,275.052820629552
18289053.88493888,2.870672403851653,0.39355124469267627,29.00217923384046,24.773200379031508,2.900217923384046,3.147949927174362,267.42876594970454,272.965115762483
18569890.183410197,2.914752814850133,0.38135567174171103,28.13160042637356,24.029565803532062,2.813160042637356,3.0534557006726764,265.39893598411584,270.8932587979535
18855038.844184916,2.959510099542445,0.36955021140242367,27.287154395133683,23.30825342998553,2.7287154395133686,2.9617979738132236,263.3845147468829,268.83712947543074
19144566.085443377,3.004954651615661,0.3581215972341863,26.468056694200868,22.608593197159447,2.646805669420087,2.8728916013916814,261.3853853137605,266.7966084479371
19438539.14217444,3.051097024356371,0.34705706606550607,25.673546424920346,21.929935157520873,2.5673546424920346,2.7866539940672435,259.40143164880106,264.7715772751349
19737026.281789333,3.097947933101449,0.3363443353851124,24.902885529066925,21.27164887346867,2.4902885529066925,2.7030050416413793,257.43253859762865,262.76191841646
20040096.819974612,3.145518257726356,0.325971581987881,24.155358103228526,20.63312283169081,2.4155358103228526,2.6218670386397607,255.47859188076816,260.76751522431175
20347821.13678922,3.1938190451717503,0.3159274217896136,23.430269733768785,20.01376387509999,2.3430269733768787,2.543164612127878,253.5394780870216,258.7882519372909
20660270.693008054,3.2428615120087985,0.3062008907318092,22.72694685175416,19.412996651822645,2.272694685175416,2.4668246516936425,251.6150846668992,256.8240136734938
20977518.04671714,3.292657047043971,0.29678142670384466,22.044736107243036,18.83026308072664,2.2044736107243037,2.3927762415315703,249.7052999260969,254.87468642385326
21299636.870162997,3.3432172139637415,0.2876588524158442,21.38300376235876,18.265021832993895,2.1383003762358763,2.320950594565815,247.81001301902748,252.94015704553473
21626701.966861393,3.394553754019996,0.2788233591606707,20.7411351025798,17.716747829253833,2.07411351025798,2.2512809885505183,245.92911394239763,251.0203132553792
21958789.288968153,3.446678588756577,0.27026549140833744,20.118533865702936,17.18493175181278,2.011853386570294,2.1837027040884216,244.06249352883788,249.11504362339974
22295975.954917174,3.4996038227777704,0.2619761321803804,19.51462168794676,16.6690795715244,1.9514621687946763,2.11815296450992,242.21004344057883,247.22423756632566
22638340.267329242,3.553341746559291,0.2539464891557636,18.92883756668193,16.16871208886241,1.8928837566681933,2.0545708775568174,240.37165616317583,245.3477853411958
22985961.731195424,3.607904839302374,0.24616808146345964,18.36063733928984,15.683364488769962,1.8360637339289843,1.992897378816684,238.54722499928462,243.48557803900397
23338921.072340358,3.663305771831794,0.238632727120147,17.80949317766353,15.212585908870333,1.7809493177663531,1.9330751768550565,236.73664406248056,241.63750757838883
23697300.25616828,3.719557409538264,0.2313325310745042,17.27489309788377,14.75593902064005,1.727489309788377,1.8750486999947773,234.93980827112966,239.80346669937651
24061182.50669771,3.7766728153661453,0.2242598738223088,16.756340484612366,14.312999623153198,1.6756340484612366,1.8187640446927686,233.15661334230262,237.9833489571671
24430652.325887617,3.8346652528469027,0.21740740055912341,16.253353629763204,13.883356249021583,1.6253353629763205,1.7641689254665363,231.38695578573933,236.17704871597292
24805795.51326113,3.89354818917927,0.21076801083962818,15.765465285020252,13.466609782162697,1.5765465285020253,1.7112126263236522,229.63073289785643,234.38446114290014
25186699.185829803,3.9533352983565853,0.20433484871483362,15.292222227788987,13.062373087042351,1.5292222227788987,1.6598459536493224,227.8878427558041,232.60548220188122
25573451.798324637,4.014040464342275,0.19810129332034856,14.833184840175948,12.670270649045689,1.4833184840175948,1.6100211905080517,226.15818421156533,230.8400086476502
25966143.1637369,4.075677784293973,0.19206094989069472,14.387926700607354,12.289938225644315,1.4387926700607354,1.5616920523171784,224.44165688610414,229.08793801976816
26364864.474175226,4.138261571837266,0.18620764117631597,13.956034187705418,11.92102250803373,1.395603418770542,1.514813643850879,222.7381611635552,227.34916863669082
26769708.322042152,4.201806360389602,0.18053539924147816,13.537106096056311,11.563180792928435,1.3537106096056313,1.4693424175349155,221.04759818546154,225.6235995898853
27180768.721536633,4.266326906535337,0.17503845762266607,13.130753263511014,11.216080664208258,1.3130753263511015,1.425236132993184,219.36986984505373,223.9111307379889
27598141.130485915,4.331838193452506,0.16971124382839642,12.736598209674593,10.879399684121625,1.2736598209674594,1.3824538178086756,217.70487878157607,222.21166270101625
28021922.47251352,4.398355434392328,0.1645483721625769,12.354274785246352,10.552825093757502,1.2354274785246353,1.34095572946221,216.0525283746534,220.5250968546073
28452211.159546774,4.465894076212019,0.1595446368546686,11.98342783188678,10.236053522509147,1.1983427831886782,1.3007033184137695,214.41272273870464,218.85133532432357
28889107.11467053,4.534469802961942,0.15469500548094167,11.623712852293963,9.92879070625863,1.1623712852293964,1.2616591922919826,212.78536671739695,217.1902809799854
29332711.795331817,4.604098539527832,0.14999461266208242,11.2747956901836,9.630751214020846,1.12747956901836,1.2237870811585685,211.17036587814326,215.5418374300536
29783128.21690021,4.674796455328867,0.1454387540233129,10.93635221987574,9.341658182793442,1.093635221987574,1.1870518038155085,209.56762650664407,213.90590901605617
30240460.976590898,4.746579968072657,0.14102288040399139,10.608068045198685,9.061243060365321,1.0608068045198686,1.1514192351235217,207.97705560146844,212.28240080705507
30704816.277754102,4.819465747567745,0.136742592304475,10.289638207431885,8.789245355846106,1.0289638207431886,1.1168562743016495,206.39856086868022,210.671218594159
31176301.95453847,4.8934707195947995,0.13259363455868953,9.980766902014967,8.525412397683496,0.9980766902014967,1.0833308141783318,204.8320507165027,209.07226888507537
31655027.49693219,4.968612069837104,0.12857189122159482,9.681167203761206,8.26949909894498,0.9681167203761206,1.0508117113655704,203.27743425002765,207.48545889870763
32141104.07618963,5.0449072478715475,0.12467338066127066,9.390560800318815,8.021267729644713,0.9390560800318815,1.0192687573283286,201.73462126596237,205.9106965597912
32634644.570647378,5.122373971220747,0.12089425084601582,9.108677733633716,7.780487695905117,0.9108677733633717,0.9886726503224228,200.2035222474205,204.34789049357417
33135763.591937754,5.201030229467549,0.11723077481732581,8.835256149172425,7.546935325747073,0.8835256149172426,0.9589949681747133,198.68404835875023,202.79695002053597
33644577.51160379,5.280894288432552,0.1136793463401769,8.570042052673251,7.320393661310646,0.8570042052673252,0.9302081418804318,197.1761114404058,201.25778515115024
34161204.48812393,5.361984694415937,0.11023647572247322,8.312789074198731,7.100652257312431,0.8312789074198732,0.9022854299929974,195.67962400385568,199.73030658068512
34685764.49435076,5.444320278504279,0.10689878579598842,8.063258239271144,6.887506985553155,0.8063258239271145,0.875200893782646,194.1944992265333,198.2144256840469
35218379.345371656,5.527920160943597,0.10366300805153612,7.8212177468777115,6.680759845293242,0.7821217746877712,0.8489293731407037,192.7206509468253,196.7100545106617
35759172.726797275,5.612803755579544,0.1005259789214886,7.586442754139582,6.4802187793204835,0.7586442754139582,0.823446463207163,191.25799365909873,195.21710577939726
36308270.223484084,5.698990774365733,0.09748463620313516,7.35871516744471,6.285697495539069,0.735871516744471,0.7987284916998617,189.80644250876813,193.73549287352503
36865799.34869796,5.7865012319412905,0.09453601561671124,7.137823439850411,6.0970152939140645,0.7137823439850411,0.7747524969241819,188.3659132874008,192.26512983572127
37431889.573725894,5.875355450278747,0.0916772474922385,6.923562374567334,5.91399689861055,0.6923562374567335,0.7514962064428389,186.93632242785964,190.80593136310645
38006672.35794247,5.965574063403307,0.08890555357963692,6.715732934342359,5.7364722951715175,0.671573293434236,0.7289380163859511,185.517586999484,189.35781280232354
38590281.17933727,6.0571780221844715,0.08621824397684105,6.514142056563658,5.56427657258356,0.6514142056563659,0.7070569713822015,184.1096247033097,187.92069014465577
39182851.565512195,6.150188599201412,0.08361271417090584,6.31860247391547,5.397249770083025,0.631860247391547,0.6858327450923773,182.71235386732405,186.4944800211806
39784521.125153534,6.244627393682865,0.08108644218737107,6.1289325404168356,5.235236728561076,0.6128932540416836,0.6652456213272944,181.32569344176082,185.07909969796398
40395429.579988524,6.340516336523077,0.07863698584335001,5.944956062681837,5.078086946428858,0.5944956062681838,0.6452764757324724,179.94956299442927,183.67446707128943
41015718.79723137,6.437877695374567,0.07626198010006004,5.766502136245408,4.925654439809623,0.5766502136245408,0.625906758022637,178.58388270608276,182.28050066292758
41645532.82252879,6.536734079819304,0.07395913451069697,5.593404986801889,4.77779760692722,0.5593404986801889,0.6071184747494611,177.2285733658208,180.89711961543964
42285017.91341008,6.637108446619068,0.07172623075978429,5.425503816209617,4.634379096565662,0.5425503816209617,0.5888941725866184,175.88355636653048,179.52424368752082
42934322.573252246,6.739024105046656,0.0695611202902646,5.262642653117723,4.495265680476917,0.5262642653117723,0.5712169221165415,174.54875370036044,178.16179324937735
43593597.585765235,6.8425047222987345,0.0674617220148335,5.104670208077139,4.360328129619029,0.5104670208077139,0.5540703021039042,173.22408795423397,176.80968927814283
44262996.05000817,6.9475743289920215,0.065426020108135,4.951439733000487,4.229441094108994,0.49514397330004867,0.5374383842411385,171.90948230539416,175.46785335332763
44942673.415941864,7.054257324743661,0.06345206187661687,4.802808884840982,4.1024829867794415,0.48028088848409817,0.5213057183518925,170.6048605169875,174.1362076523071
45632787.520528235,7.162578483837425,0.061537955702990234,4.658639593363155,3.9793358702304946,0.4658639593363155,0.5056573180386205,169.31014693368004,172.81467494584325
46333498.624384,7.272562960976927,0.0596818690623726,4.518797932882833,3.859885347272094,0.45187979328828337,0.4904786467610043,168.02526647730897,171.50317859364228
47044969.44899628,7.384236297127026,0.057882026607323084,4.383153997857351,3.7440204546551383,0.4383153997857351,0.4757556043322865,166.75014464256986,170.20164253994858
47767365.2145111,7.497624425445157,0.05613670831911664,4.251581782209986,3.6316335599923377,0.42515817822099866,0.461474513820922,165.4847074927361,168.9099913091713
48500853.67810057,7.612753677303496,0.054444247722714285,4.1239590622770965,3.522620261773512,0.41239590622770966,0.44762210884544473,164.2288816554147,167.62815000154802
49245605.17292083,7.729650788403835,0.05280303016298317,4.000167283268634,3.4168792923819726,0.4000167283268634,0.4341855212506831,162.9825943183337,166.35604428884082
50001792.64766659,7.848342904986123,0.05121149113987348,3.8800914491371,3.3143124240223387,0.38800914491371,0.42115226915393345,161.74577322516524,165.09360041006826
50769591.70673463,7.968857590132574,0.04966811470029408,3.7636200157521635,3.2148243774719845,0.3763620015752164,0.4085102453499362,160.51834667138013,163.84074516726966
51549180.65100248,8.091222830168338,0.0481714318845964,3.650644787282142,3.1183227335717545,0.36506447872821424,0.39624770606393167,159.30024350013764,162.5974059213051
52340740.51923483,8.215467041160702,0.04672001922559389,3.5410608156856584,3.024717847373336,0.3541060815685659,0.3843532600422992,158.09139309820603,161.36351058768693
53144455.130124144,8.341619075517837,0.04531249729821078,3.434766303220544,2.933922764863908,0.34347663032205444,0.3728158579706935,156.89172539191807,160.13898763244657
53960511.12497851,8.46970822868914,0.04394752931784931,3.331662507878981,2.8458531421903515,0.33316625078789813,0.36162478220980165,155.70117084315703,158.9237660680324
54789098.01106334,8.59976424596819,0.04262381978572671,3.2316536516614773,2.760427167308329,0.32316536516614774,0.350769636839231,154.51966044537693,157.7177754492427
55630408.2056097,8.73181732940036,0.04134011317944221,3.134646831604096,2.6775654839831637,0.3134646831604096,0.3402403380002412,153.34712571965377,156.52094586918986
56484637.08049837,8.865898144796478,0.040095192687145106,3.040551933476469,2.597191118072055,0.3040551933476469,0.3300271045283675,152.18349871076848,155.33320795529696
57351983.007629454,9.002037828854098,0.038887878983717775,2.9492815480704477,2.5192294060191713,0.29492815480704476,0.3201204488672365,151.02871198332255,154.15449286532754
58232647.404988796,9.140267996388133,0.03771702904747999,2.8607508900015763,2.4436079254971625,0.28607508900015766,0.31051116825512926,149.88269861788524,152.98473228344747
59126834.78342216,9.280620747672604,0.036581535015939984,2.774877718947895,2.3702564281305976,0.2774877718947895,0.3011903361760955,148.7453922071711,151.8238584163178
60034752.794127755,9.42312867589511,0.03548032307922625,2.691582263252988,2.299106774238902,0.26915822632529884,0.2921492940676878,147.61672685224914,150.67180398921943
60956612.2768769,9.567824874725616,0.03441235240984493,2.6107871458223864,2.230092869538243,0.26107871458223864,0.28337964327762105,146.496637158784,149.5285022422108
61892627.30897687,9.714742946001705,0.03337661412748945,2.5324173122442297,2.1631506037433454,0.253241731224423,0.2748732372618564,145.3850582333059,148.39388692631434
62843015.25498369,9.86391700753158,0.032372130297668646,2.456399961067759,2.0982177910124813,0.2456399961067759,0.2666221740169007,144.28192567951356,147.26789229973676
63807996.817180276,10.015381701017152,0.0313979529629659,2.3826644761745124,2.035234112180028,0.23826644761745125,0.25861878873925154,143.1871755946052,146.1504531241177
64787796.08682761,10.169172200098512,0.030453163205796566,2.311142361179749,1.9741410587232042,0.2311142361179749,0.25085564670520694,142.10074456564212,145.04150466081154
65782640.59620501,10.325324218522212,0.02953687024156775,2.241767175802839,1.9148818784106676,0.2241767175802839,0.24332553636439053,141.02256966594007,143.94098266719746
66792761.371447414,10.48387401843469,0.028648210541182217,2.174474474147806,1.857401522582739,0.21744744741478061,0.23602146264060797,139.9525884514927,142.84882339302217
67818392.98619607,10.644858418803338,0.027786346981890968,2.109201744836419,1.8016465950140372,0.2109201744836419,0.22893664043378228,138.89073895742277,141.76496357677053
68859773.61607097,10.808314803966562,0.026950468025503327,2.0458883529384755,1.7475653023112545,0.20458883529384755,0.2220644883169601,137.836959694465,140.6893404420685
69917145.09398186,10.97428113231547,0.026139786923028034,1.9844754836450773,1.6951074057997597,0.19844754836450773,0.21539862242250532,136.791189645476,139.62189169411377
70990752.96628658,11.142795945108553,0.025353540944846268,1.9249060876328232,1.6442241748545643,0.19249060876328233,0.20893285051182797,135.75336826197565,138.56255551613793
72080846.549813,11.313898375421912,0.024590990635543875,1.8671248280679702,1.5948683416321177,0.18671248280679703,0.2026611662231182,134.72343546071627,137.51127056589726
73187678.98975652,11.487628157236937,0.02385141909256856,1.8110780292014088,1.5469940571609524,0.1811078029201409,0.19657774349175042,133.70133162028077,136.4679759721924
74311507.31846608,11.664025634667412,0.02313413126790907,1.7567136265067338,1.5005568487504173,0.1756713626506734,0.19067693113817755,132.68699757771003,135.4326113314182
75452592.51513271,11.843131771328318,0.0224384532920291,1.7039811183150533,1.4555135786779,0.17039811183150533,0.18495324761828436,131.6803746251591,134.40511670414264
76611199.56639528,12.024988159848577,0.021763731819292028,1.6528315189015825,1.4118224041161427,0.16528315189015827,0.1794013759313197,130.68140450658115,133.38543261171367
77787597.5278771,12.209637031529917,0.021109333394179634,1.6032173129804614,1.369442738263436,0.16032173129804617,0.1740161586806805,129.69002941443972,132.3735000328951
78982059.58666585,12.3971212661538,0.020474643837590477,1.5550924115656029,1.3283352126406605,0.15550924115656029,0.1687925932829669,128.7061919864505,131.36926040053217
80194863.12475516,12.587484401939282,0.019859067652571283,1.5084121091563998,1.288461640519996,0.15084121091563998,0.16372582732083996,127.72983530234907,130.3726555982436
81426289.78345802,12.780770645653433,0.01926202744882003,1.463133042208715,1.2497849814515027,0.1463133042208715,0.1588111540353865,126.7609028806887,129.383627957144
82676625.52881171,12.977024882877368,0.018682963385348295,1.419213148852384,1.2122693068544528,0.1419213148852384,0.15404400795378295,125.79933867566385,128.40212025259243
83946160.7179845,13.176292688429523,0.018121332630707768,1.3766116298179998,1.1758797666416094,0.13766116298179998,0.14941996064821608,124.8450870739633,127.42807570097095
85235190.1667047,13.378620336949412,0.017576608840192277,1.3352889105364907,1.1405825568452912,0.13352889105364907,0.144934716622102,123.89809289164887,126.46143795648895
86544013.21772256,13.584054813643473,0.0170482816494732,1.2952066043764687,1.1063448882152975,0.12952066043764687,0.14058410931979984,122.95830137106313,125.50215110801712
87872933.81032519,13.792643825196231,0.016535856184114493,1.2563274769850528,1.073134955759408,0.12563274769850527,0.13636409725609935,122.02565817776348,124.55015967594787
89222260.55091867,14.004435810848952,0.01603885258446498,1.2186154116991035,1.0409219091982091,0.12186154116991035,0.13227076026189244,121.10010939748308,123.60540860908313
90592306.78469338,14.219479953648309,0.015556805545416002,1.1820353759947557,1.0096758243068176,0.11820353759947558,0.12830029584254374,120.18160153311962,122.66784328155015
91983390.66838963,14.437826191867781,0.015089263870545763,1.1465533889440562,0.9793676751168581,0.11465533889440563,0.12444901564557422,119.27008150175065,121.73740948974437
93395835.24418154,14.659525230604544,0.014635790040185198,1.1121364896484605,0.9499693069528585,0.11121364896484605,0.12071334203437464,118.36549663167551,120.814053449299
94829968.51469526,14.884628553554428,0.014195959792952576,1.0787527066198834,0.9214534102780301,0.10787527066198835,0.11708980476476864,117.46779465948359,119.89772179208146
96286123.51917854,15.113188434967594,0.013769361720323663,1.0463710280808787,0.8937934953251522,0.10463710280808787,0.1135750377613394,116.5769237271498,118.98836156321718
97764638.41083983,15.345257951787762,0.01335559687381751,1.0149613731563398,0.8669638674889822,0.10149613731563399,0.1101657759905238,115.69283237915651,118.0859202181402
99265856.53537567,15.580890995977974,0.012954278384393274,0.9844945639299393,0.8409396034573101,0.09844945639299393,0.10685885242756704,114.81546955964112,117.19034561966977
100790126.51070407,15.820142287035642,0.01256503109366182,0.9549422983393734,0.8156965280585067,0.09549422983393735,0.10365119511452241,113.9447846095701,116.3015860351135
102337802.30792129,16.06306738469962,0.012187491196542454,0.9262771238852434,0.7912111918040688,0.09262771238852435,0.10053982430656502,113.08072726393948,115.4195901333975
103909243.3335018,16.309722701852426,0.01182130589498871,0.8984724121291365,0.7674608491052854,0.08984724121291365,0.0975218497039665,112.22324764900132,114.54430698222262
105504814.51276147,16.5601655176207,0.011466133062439382,0.8715023339571969,0.744423437143773,0.0871502333957197,0.09459446776715742,111.37229627951574,113.67568604524645
107124886.37460111,16.81445399067668,0.011121640918646612,0.8453418355862474,0.7220775553762863,0.08453418355862474,0.0917549591123876,110.52782405602922,112.81367717929199
108769835.13755368,17.072647172744258,0.010787507714554665,0.8199666152901174,0.7004024456547174,0.08199666152901175,0.08900068598555891,109.68978226217756,111.95823063158115
110440042.7971484,17.334805022311787,0.010463421426909123,0.7953531008246597,0.6793779729429049,0.07953531008246598,0.08632908981189502,108.85812256201676,111.10929703699641
112135897.21462081,17.600988418556085,0.01014907946228684,0.7714784275303476,0.6589846066122195,0.07714784275303477,0.08373768881915696,108.03279699737713,110.26682741536594
113857792.20698228,17.871259175479874,0.009844188370255722,0.7483204170922233,0.6392034022986502,0.07483204170922234,0.08122407573220884,107.21375798524433,109.43077316877589
115606127.63847536,18.145680056266734,0.009548463565360916,0.7258575569373864,0.6200159843044662,0.07258575569373864,0.0787859155367833,106.40095831516447,108.60108607890695
117381309.51342887,18.42431478785573,0.009261629057675809,0.704068980250982,0.6014045285281924,0.0704068980250982,0.07642094331038013,105.59435114667677,107.77771830439866
119183750.07054341,18.707228075740606,0.008983417191640202,0.6829344465920033,0.5833517459069351,0.06829344465920033,0.07412696211826968,104.79389000676922,106.96062237823699
121013867.87862232,18.994485618995814,0.008713568392921273,0.6624343230909944,0.5658408663557595,0.06624343230909945,0.07190184097265703,103.99952878736065,106.14975120516846
122872087.93377271,19.286154125533308,0.008451830923051799,0.6425495662121518,0.5488556231891664,0.06425495662121518,0.06974351285310684,103.21122174280782,105.34505805913948
124758841.75810143,19.58230132759401,0.008197960641600074,0.6232617040628606,0.53238023801018,0.06232617040628607,0.06764997278638786,102.42892348743662,104.54649658075992
126674567.4999216,19.882995997476314,0.007951720775632963,0.6045528192343127,0.5163994060530751,0.060455281923431275,0.06561927598396203,101.65258899310032,103.75402077479411
128619710.03550287,20.188307963506965,0.007712881696246077,0.5864055321571526,0.5008982819660365,0.05864055321571526,0.06364953603537563,100.88217358676064,102.96758500767456
130594721.07238108,20.498308126256646,0.007481220701942021,0.5688029849567839,0.48586246602061695,0.0568802984956784,0.06173892315588457,100.11763294809501,102.18714400504223
132600059.25425738,20.813068475005082,0.007256521808636301,0.5517288257932723,0.471277990735132,0.05517288257932723,0.05988566248667855,99.3589231071274,101.41265284931043
134636190.2675029,21.132662104458156,0.0070385755460920605,0.5351671936713743,0.4571313078996279,0.053516719367137436,0.05808803244613372,98.60600044188604,100.64406697725579
136703586.94930404,21.4571632317225,0.0068271787605792755,0.5191027037064894,0.44340927599029206,0.05191027037064894,0.056344363130551856,97.85882167608375,99.88134217763186
138802729.39746585,21.786647213540395,0.00662213442356307,0.5035204328329157,0.43009914796167253,0.05035204328329157,0.054653034762908295,97.11734387682397,99.12443458880882
140934105.08190134,22.121190563789256,0.006423251446238404,0.4884059059411125,0.41718855940534777,0.04884059059411125,0.05301247618816472,96.38152445233152,98.37330069643771
143098208.95783567,22.4608709712503,0.0062303444997276625,0.47374508243106844,0.40466551706402776,0.04737450824310685,0.051421163413747126,95.65132114970693,97.62789733113857
145295543.58074296,22.805767317649185,0.006043233840763961,0.4595243431693474,0.3925183876904698,0.04595243431693474,0.049877618193839436,94.92669205270721,96.88818166621508
147526619.22305298,23.155959695974413,0.005861745142687876,0.4457304778376182,0.38073588724079394,0.044573047783761824,0.048380406656169765,94.20759557954956,96.15411121539216
149791953.99265018,23.511529429077097,0.005685709331605518,0.4323506726609526,0.3693070703921903,0.043235067266095266,0.04692813797001717,93.49399048073938,95.42564383057812
152092073.953187,23.872559088555484,0.00551496242752798,0.419372498504526,0.35822132037530957,0.04193724985045261,0.04551946305420569,92.78583583692465,94.70273769965308
154427513.2462503,24.239132513930358,0.005349345390358923,0.4067838993275898,0.3474683391118304,0.04067838993275898,0.04415307332387729,92.0830910567727,93.9853513442801
156798814.21540108,24.611334832114437,0.005188703970564977,0.3945731809840479,0.3370381376480895,0.039457318098404796,0.04282769947488569,91.38571587487245,93.27344361774153
159206527.53211865,24.989252477180763,0.005032888564393618,0.3827290003592138,0.32692102687587243,0.03827290003592138,0.04154211030468011,90.69367034966082,92.56697370280008
161651212.32368192,25.372973210435084,0.0048817540734948355,0.37124035483264123,0.317107608531731,0.03712403548326412,0.04029511156858143,90.00691486137292,91.86590110958312
164133436.30300808,25.76258614079549,0.004735159768810549,0.36009657205728757,0.3075887664665074,0.03600965720572876,0.03908554487039383,89.32541011001801,91.17018567349338
166653775.90049118,26.15818174548598,0.004592969158603433,0.34928730004545366,0.29835565817690113,0.03492873000454537,0.037912286586314375,88.64911711337838,90.47978755314226
169212816.39786163,26.559851891047188,0.004455049860492601,0.3388024975523357,0.28939970659125247,0.03388024975523357,0.0367742468211461,87.97799720503313,89.79466722830828
171811152.06410488,26.967689854670365,0.004321273477377565,0.32863242474822885,0.2807125921018867,0.03286324247482288,0.03567036839584175,87.31201203240572,89.11478549791917
174449386.29346052,27.381790345857876,0.0041915154771297964,0.31876763417075255,0.2722862448366491,0.03187676341707526,0.03459962586544175,86.65112355483704,88.44010347805977
177128131.74554718,27.802249528417388,0.004065655075938169,0.30919896194864566,0.2641128371624101,0.030919896194864568,0.03356102456648867,85.99529404168145,87.77058260000263
179848010.4876358,28.229165042793248,0.003943575125187623,0.29991751928901383,0.25618477641360743,0.029991751928901383,0.03255359969303746,85.34448607042762,87.10618460826359
182609654.1391074,28.662636028740764,0.003825162001777553,0.29091468422011235,0.2484946978390625,0.029091468422011237,0.03157641540040186,84.6986625248438,86.44687155868193
185413704.0181329,29.102763148349222,0.003710305501757869,0.28218209358197716,0.24103545776050478,0.028218209358197716,0.030628563935802766,84.05778659314636,85.79260581652359
188260811.2905976,29.549648609417297,0.003598898737196906,0.2737116352575054,0.23380012693648422,0.027371163525750544,0.029709164795115383,83.42182176619453,85.14335005461062
191151637.12131935,30.003396189188408,0.0034908380361674965,0.26549544063671676,0.22678198412546327,0.026549544063671677,0.028817363904926306,82.79073183570743,84.4990672514732
194086852.82758892,30.46411125845062,0.00338602284577027,0.2575258773072233,0.21997450984213238,0.025752587730722334,0.02795233282914366,82.16448089250585,83.85972068952603
197067140.03506076,30.931900806005455,0.003284355638089561,0.24979554196413337,0.21337138030116246,0.024979554196413338,0.027113267999424963,81.54303332477932,83.22527395327027
200093190.83604562,31.406873463513676,0.0031857418189989006,0.24229725353276138,0.2069664615427332,0.024229725353276138,0.02629938996870347,80.92635381637606,82.5956909275184
203165707.9502297,31.889139530721977,0.0030900896397254114,0.23502404649779052,0.20075380373440976,0.023502404649779055,0.02550994268712315,80.31440734511793,81.97093579564377
206285404.88786173,32.378811001077025,0.0029973101110935874,0.22796916443267673,0.1947276356440626,0.022796916443267673,0.024744192799708298,79.7071591811395,81.35097303785462
209453006.11545014,32.876001587733505,0.0029073169203605565,0.2211260537232771,0.18888235927869046,0.02211260537232771,0.024001428965114615,79.10457488525076,80.7357674294915
212669247.22399607,33.38082674996014,0.0028200263505709787,0.214488357479898,0.18321254468418902,0.0214488357479898,0.02328096119483169,78.50662030732546,80.12528403935049
215934875.0998181,33.893403719952616,0.0027353572023450855,0.20804990963207207,0.17771292490120297,0.020804990963207207,0.02258212021221924,77.9132615847124,79.51948822802915
219250648.09799498,34.413851530057286,0.0026532307180398606,0.20180472920060655,0.17237839107240094,0.020180472920060658,0.021904256830784664,77.32446514067156,78.91834564629752
222617336.2184769,34.94229104041389,0.0025735705081940796,0.19574701474156184,0.16720398769661024,0.019574701474156186,0.021246741351122287,76.74019768283394,78.32182223349268
226035721.28489226,35.47884496702123,0.002496302480202096,0.1898711389570252,0.1621849080254255,0.018987113895702522,0.020608962975956775,76.1604262016868,77.7298842159388
229506597.12610883,36.02363791023526,0.002421354769143132,0.184171643467641,0.15731648959798708,0.0184171643467641,0.019990329242743972,75.58511796908206,77.14249810539022
233030769.76057854,36.57679638370406,0.002348657670694917,0.17864323374206448,0.1525942099098011,0.01786432337420645,0.01939026547330446,75.01424053676928,76.55963069749929
236609057.58351272,37.13844884374709,0.0022781435760800568,0.17328077417862292,0.14801368221157268,0.017328077417862294,0.01880821423997802,74.4477617349532,75.98124907030866
240242291.5569366,37.708725719186404,0.002209746908973285,0.16807928333460578,0.1435706514341413,0.01680792833346058,0.018243634847801993,73.88564967087464,75.40732058276693
243931315.40265214,38.2877594416343,0.0021434040643144806,0.16303392929877547,0.1392609902357532,0.016303392929877546,0.01769600283223508,73.32787272741722,74.83781287327017
247676985.79817396,38.87568447624768,0.0020790533489702615,0.15814002520277026,0.13508069516797303,0.015814002520277027,0.017164809471956758,72.77439956173667,74.27269385822608
251480172.57566783,39.47263735295367,0.00201663492418485,0.1533930248672529,0.1310258829566932,0.015339302486725291,0.016649561316292222,72.2251991039154,73.71193173064341
255341758.92395005,40.078756698155715,0.001956090749767899,0.14878851857874428,0.12709278689477257,0.01487885185787443,0.016149779726822154,71.68024055564032,73.15549495874464
259262641.59357843,40.69418326692488,0.0018973645299676563,0.14432222899323938,0.12327775334296996,0.014432222899323938,0.015665000432753637,71.13949338890627,72.60335228460434
263243731.10510287,41.31905997568715,0.001840401660976451,0.13999000716277452,0.11957723833590134,0.013999000716277452,0.015194773099636466,70.60292734474223,72.05547272281039
267285951.96050727,41.9535319354116,0.0017851491800196723,0.13578782868127565,0.11598780428988463,0.013578782868127566,0.014738660911026411,70.07051243196237,71.51182555915015
271390242.8579049,42.5977464853092,0.00173155571597941,0.13171178994609237,0.11250611680960149,0.013171178994609237,0.014296240162705254,69.54221892594056,70.97238034931996
275557556.9095197,43.251853227047505,0.0016795714415074145,0.12775810453176306,0.10912894159062524,0.012775810453176308,0.01386709986908256,69.0180173674101,70.43710691766027
279788861.863025,43.91600405949223,0.0016291480265862226,0.12392309967262079,0.10585314141491856,0.01239230996726208,0.013450841381411265,68.49787856128619,69.9059753559134
284085140.3262756,44.590353213981416,0.0015802385934805426,0.12020321285098914,0.10267567323652484,0.012020321285098915,0.013047078017464164,67.98177357551313,69.37895602200622
288447389.99549633,45.27505729014226,0.0015327976730579822,0.11659498848778684,0.09959358535473507,0.011659498848778684,0.012655434702326034,67.46967373993463,68.85601953885609
292876623.8869638,45.970275292256126,0.0014867811624170255,0.11309507473248276,0.09660401467211864,0.011309507473248277,0.012275547619969462,66.96155064518918,68.33713679320208
297373870.572257,46.6761686661838,0.0014421462837978494,0.109700220349399,0.09370418403485276,0.010970022034939901,0.011907063875288428,66.45737614162786,67.82227893445878
301940174.4171144,47.39290133685675,0.0013988515447292409,0.10640727169748529,0.09089139965289382,0.01064072716974853,0.011549641166277467,65.95712233825655,67.3114173735947
306576595.8239588,48.12063974634419,0.0013568566993760382,0.10321316980075305,0.08816304859758886,0.010321316980075306,0.011202947466051195,65.46076160170149,66.80452378203432
311284211.4781529,48.859552892505555,0.0013161227110494275,0.10011494750664446,0.08551659637439944,0.010011494750664447,0.010866660714408439,64.96826655519783,66.30157009058335
316064114.59802264,49.6098123682346,0.0012766117158521922,0.09710972672970898,0.0829495845684941,0.0097109726729709,0.010540468518655841,64.47961007760256,65.80252848837884
320917415.18873376,50.37159240130808,0.0012382869874121764,0.09419471577800985,0.08045962856100716,0.009419471577800986,0.010224067863411058,63.99476530242952,65.30737142186133
325845240.3000579,51.145069894845065,0.0012011129026816422,0.09136720675979107,0.078044415313855,0.009136720675979107,0.009917164829117656,63.513705616908055,64.81607159377154
330848734.28810513,51.930424468388814,0.0011650549087648494,0.08862457306798535,0.07570170122104272,0.008862457306798535,0.009619474319008963,63.03640466106386,64.32860196216917
335929059.0810626,52.72783849961743,0.0011300794907480498,0.0859642669402388,0.07342931002447595,0.00859642669402388,0.00933071979426864,62.56283632682366,63.844935739476355
341087394.44902647,53.53749716669698,0.0010961541404914347,0.083383817092171,0.07122513079232934,0.0083383817092171,0.009050633017140394,62.09297475714119,63.36504639154269
346324938.27796924,54.35958849128382,0.0010632473263704804,0.08088082642168312,0.06908711595810296,0.008088082642168313,0.008778953801749341,61.62679434514614,62.88890763673387
351642906.84792274,55.19430338218847,0.0010313284639136761,0.07845296978217359,0.06701327941853866,0.00784529697821736,0.008515429772402746,61.16426973331435,62.41649344504214
357042535.1154182,56.041835679707766,0.001000367887342215,0.07609799182260332,0.06500169468863794,0.007609799182260332,0.008259816129146712,60.70537581266105,61.947778037220466
362525077.0002776,56.90238220064002,0.0009703368219488653,0.07381370489239066,0.06305049311205671,0.007381370489239066,0.008011875420359632,60.25008772195433,61.48273588393754
368091805.67680025,57.77614278399,0.0009412073573216045,0.07159798700920025,0.06115786212522273,0.007159798700920025,0.007771377322172252,59.798380846950465,61.02134170495561
373744013.8694298,58.66332033737715,0.0009129524213624864,0.06944877988773093,0.059322043573557616,0.006944877988773093,0.00753809842450867,59.35023081964945,60.5635704683291
379483014.1529457,59.564120884154086,0.0008855457550975575,0.06736408702768046,0.057541332078246715,0.006736408702768046,0.007311822023550513,58.905613517572164,60.10939738962592
385310139.25728,60.47875361125098,0.0008589618882373623,0.06534197185909946,0.05581407345202994,0.006534197185909946,0.007092337920430245,58.464505063056514,59.65879793116866
391226742.3770068,61.40743091775339,0.0008331761154768772,0.06338055594342044,0.05413866316254931,0.006338055594342045,0.006879442225967538,58.02688182257378,59.211747801297015
397234197.48558396,62.350368464226015,0.0008081644735083638,0.061478017228487815,0.052513544841823384,0.006147801722848782,0.006672937171267016,57.59272040606429,58.768222953650756
403333899.65442836,63.307785222795225,0.0007839037187227285,0.05963258835596517,0.05093720884046146,0.005963258835596517,0.006472630924001131,57.16199766629127,58.328199586471904
409527265.37687445,64.27990352799787,0.0007603713055833425,0.05784255501955559,0.04940819082528148,0.005784255501955559,0.006278337410208374,56.734690698214145,57.89165414192783
415815732.8971234,65.26694912841366,0.0007375453656534884,0.056106254372499186,0.0479250704190197,0.005610625437249919,0.006089876141440116,56.310776838378374,57.45856330545216
422200762.54423374,66.26915123908864,0.0007154046872495309,0.054422073482877,0.046486469880875896,0.0054422073482877,0.00590707204709646,55.89023366432311,57.02890400510507
428683837.07125074,67.28674259476546,0.0006939286957072538,0.05278844783528028,0.04509105282666305,0.0052788447835280285,0.005729755311794657,55.47303899400476,56.60265341095096
435266461.9995261,68.31995950392812,0.0006730974342460188,0.051203859877460775,0.04373752298737915,0.0051203859877460775,0.005557761217619869,55.05917088523741,56.1797889344549
441950165.9683418,69.36904190367946,0.0006528915453986561,0.049666837610602706,0.04242462300503993,0.004966683761060271,0.00539092999111067,54.64860763514736,55.76028822789474
448736501.0898946,70.43423341545983,0.0006332922530147599,0.04817595322191381,0.04115113326465985,0.004817595322191381,0.00522910665483798,54.2413277796425,55.34412918379026
455627043.30973023,71.51578140162144,0.0006142813447892583,0.04672982175826277,0.03991587076129433,0.004672982175826277,0.00507214088343922,53.83731009289535,54.93128993434779
462623392.7727227,72.61393702287282,0.0005958411553253231,0.04532709983962916,0.038717688001089094,0.004532709983962917,0.0049198868639738075,53.43653358683811,54.521748850919316
469727174.19465417,73.72895529660245,0.00057795454970651,0.04396648441117635,0.037555471935320724,0.004396648441117635,0.004772203160470842,53.03897751067071,54.11548454347673
476940037.23951703,74.86109515610062,0.0005606049075592914,0.042646711532781004,0.03642814292643197,0.0042646711532781005,0.004628952582542421,52.64462135037864,53.71247586009839
484263656.9026106,76.01061951069072,0.0005437761075962193,0.04136655520489817,0.03533465374510444,0.0041366555204898165,0.004490002057940861,52.253444828260555,53.312701886468105
491699733.8995026,77.17779530678114,0.0005274525126229729,0.04012482622967437,0.03427398859743943,0.0040124826229674376,0.004355222508941832,51.86542790246551,52.916141945386684
499249995.0609824,78.36289358985755,0.0005116189549995281,0.03892037110624395,0.03324516218133767,0.0038920371106243956,0.004224488732437772,51.48055076653672,52.52277559629269
506916193.73407006,79.56618956742585,0.0004962607225338219,0.03775207095918788,0.032247218771205885,0.003775207095918788,0.004097679283630847,51.098793848962096,52.132582634793394
514700110.18918204,80.78796267292137,0.00048136354480163485,0.03661884049915756,0.031279231330138144,0.0036618840499157562,0.003974676363217138,50.72013781272973,51.74554309220392
522603552.03355986,82.02849663060114,0.00046691357987734385,0.035519627014697096,0.030340300648746498,0.0035519627014697097,0.003855365707957175,50.34456355488666,51.361637235093056
530628354.6310265,83.28807952142937,0.00045289740146368745,0.03445340939433144,0.029429554509844198,0.003445340939433144,0.003739636484531586,49.97205220610066,50.980845564836045
538776381.528209,84.56700384997787,0.00043930198640798704,0.03341919717800642,0.02854614687820088,0.0033419197178006423,0.003627381186582651,49.602585130221755,50.603148817170855
547049524.8872929,85.86556661235173,0.00042611470259366246,0.032416029637004046,0.027689257114620818,0.0032416029637004047,0.003518495534846613,49.2361439238434,50.22852796175832
555449705.9254358,87.18406936516023,0.0004133232971965788,0.03144297488147499,0.02685808921361138,0.003144297488147499,0.003412878380283613,48.87271041586039,49.85696420174333
563978875.3609055,88.52281829554317,0.00040091588529157524,0.030499128994763626,0.026051871063937214,0.003049912899476363,0.003310431610115735,48.51226666702334,49.48843897331727
572639013.8660909,89.88212429227607,0.0003888809388042927,0.02958361519371593,0.025269853731368648,0.002958361519371593,0.0032110600566852797,48.15479496948588,49.12293394527791
581432132.5274587,91.26230301796558,0.000377207275794349,0.02869558301419428,0.02451131076296135,0.0028695583014194284,0.0031146714090490414,47.800277846343995,48.76043101858661
590360273.3125715,92.66367498235309,0.00036588405005800323,0.02783420752104139,0.02377553751222008,0.0027834207521041394,0.00302117612722634,47.448698051165195,48.40091232592065
599425509.5442909,94.08656561674634,0.00035490074104821526,0.026998688541757934,0.023061850484518337,0.0026998688541757937,0.0029304873590209764,47.100038567504484,48.04436023121794
608629946.3822362,95.53130534958974,0.0003442471440939655,0.026188249923185854,0.022369586702169007,0.0026188249923185854,0.0028425208593402754,46.754282608406655,47.69075732921401
617975721.3116596,96.9982296831988,0.00033391336090906655,0.025402138810502174,0.02169810308855238,0.0025402138810502175,0.0027571949119357415,46.41141361589047,47.34008644496699
627465004.639827,98.48767927167273,0.0003238897903995375,0.024639624947855893,0.0210467758707313,0.0024639624947855893,0.0026744302534929022,46.0714152604132,46.99233063336946
637100000.0,100.0,0.00031416711973326493,0.0239,0.020415000000000003,0.00239,0.0025941500000000004,45.73427144031382,46.64747317864556
